user_id,label,Account type,Duration of Credit (month),Payment Status of Previous Credit,Purpose,Credit Amount,Savings type,Length of current employment,Instalment per cent,Marital Status,Guarantors,Duration in Current address,Most valuable available asset,Age,Concurrent Credits,Type of apartment,No of Credits at this Bank,Occupation,No of dependents,Telephone,Foreign Worker
586266,1,1,18,4,2,1049,1,2,4,2,1,4,2,21,3,1,1,3,1,1,1
392565,1,1,9,4,0,2799,1,3,2,3,1,2,1,36,3,1,2,3,2,1,1
204665,1,2,12,2,9,841,2,4,2,2,1,4,1,23,3,1,1,2,1,1,1
393307,1,1,12,4,0,2122,1,3,3,3,1,2,1,39,3,1,2,2,2,1,2
627375,1,1,12,4,0,2171,1,3,4,3,1,4,2,38,1,2,2,2,1,1,2
705933,1,1,10,4,0,2241,1,2,1,3,1,3,1,48,3,1,2,2,2,1,2
231128,1,1,8,4,0,3398,1,4,1,3,1,4,1,39,3,2,2,2,1,1,2
103992,1,1,6,4,0,1361,1,2,2,3,1,4,1,40,3,2,1,2,2,1,2
67751,1,4,18,4,3,1098,1,1,4,2,1,4,3,65,3,2,2,1,1,1,1
493932,1,2,24,2,3,3758,3,1,1,2,1,4,4,23,3,1,1,1,1,1,1
9717,1,1,11,4,0,3905,1,3,2,3,1,2,1,36,3,1,2,3,2,1,1
124940,1,1,30,4,1,6187,2,4,1,4,1,4,3,24,3,1,2,3,1,1,1
697417,1,1,6,4,3,1957,1,4,1,2,1,4,3,31,3,2,1,3,1,1,1
642857,1,2,48,3,10,7582,2,1,2,3,1,4,4,31,3,2,1,4,1,2,1
320780,1,1,18,2,3,1936,5,4,2,4,1,4,3,23,3,1,2,2,1,1,1
722815,1,1,6,2,3,2647,3,3,2,3,1,3,1,44,3,1,1,3,2,1,1
377559,1,1,11,4,0,3939,1,3,1,3,1,2,1,40,3,2,2,2,2,1,1
746559,1,2,18,2,3,3213,3,2,1,4,1,3,1,25,3,1,1,3,1,1,1
599006,1,2,36,4,3,2337,1,5,4,3,1,4,1,36,3,2,1,3,1,1,1
698212,1,4,11,4,0,7228,1,3,1,3,1,4,2,39,3,2,2,2,1,1,1
710942,1,1,6,4,0,3676,1,3,1,3,1,3,1,37,3,1,3,3,2,1,1
110686,1,2,12,4,0,3124,1,2,1,3,1,3,1,49,1,2,2,2,2,1,1
514822,0,2,36,2,5,2384,1,2,4,3,1,1,4,33,3,1,1,2,1,1,1
711774,1,2,12,4,4,1424,1,4,4,3,1,3,2,26,3,2,1,3,1,1,1
191079,1,1,6,4,0,4716,5,2,1,3,1,3,1,44,3,2,2,2,2,1,1
232105,1,2,11,3,3,4771,1,4,2,3,1,4,2,51,3,2,1,3,1,1,1
81059,1,1,12,2,2,652,1,5,4,2,1,4,2,24,3,1,1,3,1,1,1
731633,1,2,9,4,3,1154,1,5,2,3,1,4,1,37,3,2,3,2,1,1,1
172158,1,4,15,2,0,3556,5,3,3,3,1,2,4,29,3,2,1,3,1,1,1
367578,1,3,42,4,1,4796,1,5,4,3,1,4,4,56,3,3,1,3,1,1,1
742931,1,3,30,4,3,3017,1,5,4,3,1,4,2,47,3,2,1,3,1,1,1
390569,1,4,36,4,0,3535,1,4,4,3,1,4,3,37,3,2,2,3,1,2,1
759860,1,4,36,4,0,6614,1,5,4,3,1,4,3,34,3,2,2,4,1,2,1
503927,1,4,24,2,3,1376,3,4,4,2,1,1,3,28,3,2,1,3,1,1,1
123769,1,1,15,2,0,1721,1,2,2,3,1,3,1,36,3,2,1,3,1,1,1
82178,1,1,6,4,0,860,1,5,1,2,1,4,4,39,3,2,2,3,1,2,1
46464,1,4,12,4,0,1495,1,5,4,3,1,1,1,38,3,2,2,2,2,1,1
733580,1,4,12,4,3,1934,1,5,2,3,1,2,4,26,3,2,2,3,1,1,1
257219,1,4,18,2,1,3378,5,3,2,3,1,1,2,31,3,2,1,3,1,2,1
305850,1,4,24,4,1,3868,1,5,4,2,1,2,3,41,3,1,2,4,1,2,1
210172,1,4,12,4,5,996,5,4,4,2,1,4,1,23,3,2,2,3,1,1,1
560204,1,1,24,2,10,1755,1,5,4,2,3,4,1,58,3,2,1,2,1,2,1
283498,1,4,18,4,0,1028,1,3,4,2,1,3,1,36,3,2,2,3,1,1,1
489156,1,2,24,4,9,2825,5,4,4,3,1,3,4,34,3,2,2,3,2,2,1
611074,1,2,18,2,6,1239,5,3,4,3,1,4,4,61,3,3,1,3,1,1,1
72286,0,1,18,2,0,1216,1,2,4,2,1,3,3,23,3,1,1,3,1,2,1
727117,1,4,24,2,9,1258,1,4,4,3,1,1,1,25,3,2,1,3,1,2,1
711747,0,4,18,4,6,1864,2,3,4,2,1,2,1,30,3,2,2,3,1,1,1
230662,1,4,24,2,0,1474,2,2,4,4,1,3,1,33,3,2,1,3,1,2,1
208911,1,1,24,4,9,1382,2,4,4,3,1,1,1,26,3,2,2,3,1,2,1
589482,1,4,12,2,0,640,1,3,4,1,1,2,1,49,3,2,1,2,1,1,1
128540,1,3,36,2,3,3919,1,3,2,3,1,2,1,23,3,2,1,3,1,2,1
714521,1,4,9,4,0,1224,1,3,3,3,1,1,1,30,3,2,2,3,1,1,1
237197,1,4,12,4,3,2331,5,5,1,3,2,4,1,49,3,2,1,3,1,2,1
558667,1,4,24,2,1,6313,5,5,3,3,1,4,3,41,3,2,1,4,2,2,1
207235,1,1,12,4,3,385,1,4,4,2,1,3,1,58,3,2,4,2,1,2,1
292410,1,4,12,4,3,1655,1,5,2,3,1,4,1,63,3,2,2,2,1,2,1
50567,1,1,15,2,3,1053,1,2,4,4,1,2,1,27,3,2,1,3,1,1,2
494817,1,4,21,2,3,3160,5,5,4,3,1,3,2,41,3,2,1,3,1,2,1
31873,1,4,36,2,0,3079,5,3,4,3,1,4,1,36,3,2,1,3,1,1,1
170202,1,4,12,4,0,1163,3,3,4,3,1,4,1,44,3,2,1,3,1,2,1
241334,1,4,24,2,1,2679,1,2,4,2,1,1,4,29,3,2,1,4,1,2,1
252569,1,4,48,4,3,3578,5,5,4,3,1,1,1,47,3,2,1,3,1,2,1
220543,1,4,36,3,0,10875,1,5,2,3,1,2,3,45,3,2,2,3,2,2,1
463445,1,1,12,3,0,1344,1,3,4,3,1,2,1,43,3,2,2,2,2,1,1
474555,1,4,6,4,3,1237,2,3,1,2,1,1,2,27,3,2,2,3,1,1,1
282461,1,4,12,2,3,3077,1,3,2,3,1,4,3,52,3,2,1,3,1,2,1
129211,1,4,24,2,3,2284,1,4,4,3,1,2,3,28,3,2,1,3,1,2,1
333085,1,2,12,2,3,1567,1,3,1,2,1,1,3,22,3,2,1,3,1,2,1
308683,1,4,24,3,0,2032,1,5,4,3,1,4,4,60,3,3,2,3,1,2,1
441203,1,2,21,4,2,2745,4,4,3,3,1,2,3,32,3,2,2,3,1,2,1
677290,1,4,30,2,3,1867,5,5,4,3,1,4,3,58,3,2,1,3,1,2,1
506348,1,4,36,2,3,2299,3,5,4,3,1,4,3,39,3,2,1,3,1,1,1
355315,1,4,24,2,2,929,5,4,4,3,1,2,3,31,2,2,1,3,1,2,1
125714,1,3,12,2,3,3399,5,5,2,3,1,3,3,37,3,2,1,4,1,1,1
251090,1,2,9,2,2,2030,5,4,2,3,1,1,3,24,3,2,1,3,1,2,1
547083,1,4,21,4,1,3275,1,5,1,3,1,4,3,36,3,2,1,4,1,2,1
114076,1,4,24,4,0,1940,4,5,4,3,1,4,1,60,3,2,1,3,1,2,1
57308,1,1,21,4,0,1602,1,5,4,4,1,3,3,30,3,2,2,3,1,2,1
156231,1,4,15,2,3,1979,5,5,4,3,1,2,3,35,3,2,1,3,1,1,1
770686,1,4,24,4,0,2022,1,3,4,2,1,4,3,37,3,2,1,3,1,2,1
609540,1,4,36,4,3,3342,5,5,4,3,1,2,3,51,3,2,1,3,1,2,1
90676,1,2,18,2,0,5866,2,3,2,3,1,2,3,30,3,2,2,3,1,2,1
340502,1,3,15,4,1,2360,3,3,2,3,1,2,3,36,3,2,1,3,1,2,1
580510,1,4,15,4,2,1520,5,5,4,3,1,4,2,63,3,2,1,3,1,1,1
54055,1,1,12,2,0,3651,4,3,1,3,1,3,2,31,3,2,1,3,2,1,1
365397,1,4,24,4,1,2346,1,4,4,3,1,3,3,35,3,2,2,3,1,2,1
95882,1,4,36,3,3,4454,1,3,4,2,1,4,1,34,3,2,2,3,1,1,1
475797,1,1,6,4,0,666,4,4,3,2,1,4,1,39,3,2,2,2,1,2,1
462490,1,2,24,3,0,1965,5,3,4,2,1,4,3,42,3,1,2,3,1,2,1
22123,1,2,12,4,0,1995,2,2,4,3,1,1,3,27,3,2,1,3,1,1,1
3623,1,2,30,2,3,2991,5,5,2,2,1,4,3,25,3,2,1,3,1,1,1
483560,1,2,30,0,9,4221,1,3,2,2,1,1,3,28,3,2,2,3,1,1,1
182737,1,1,9,2,3,1364,1,4,3,3,1,4,1,59,3,2,1,3,1,1,1
177144,1,2,18,4,2,6361,1,5,2,3,1,1,4,41,3,2,1,3,1,2,1
106380,1,4,27,4,2,4526,4,2,4,3,1,2,1,32,2,2,2,2,2,2,1
529063,1,2,12,4,3,3573,1,3,1,2,1,1,1,23,3,2,1,2,1,1,1
425913,0,2,36,3,9,4455,1,3,2,1,1,2,1,30,2,2,2,4,1,2,1
455908,1,1,9,2,2,2136,1,3,3,3,1,2,1,25,3,2,1,3,1,1,1
600901,1,2,42,4,9,5954,1,4,2,2,1,1,1,41,1,2,2,2,1,1,1
299570,1,4,24,4,2,3777,4,3,4,3,1,4,1,40,3,2,1,3,1,2,1
520656,1,1,15,2,9,806,1,3,4,2,1,4,2,22,3,2,1,2,1,1,1
537189,1,2,24,3,9,4712,5,3,4,3,1,2,2,34,1,2,2,4,1,2,1
301658,1,2,36,3,0,7432,1,3,2,2,1,2,2,54,3,1,1,3,1,1,1
726783,1,4,24,4,3,1851,1,4,4,4,3,2,3,33,3,2,2,3,1,2,1
555933,1,4,24,2,0,1393,1,3,2,3,3,2,1,31,3,2,1,3,1,2,1
399285,1,4,12,4,9,1412,1,3,4,2,3,2,1,29,3,2,2,4,1,2,1
361860,1,4,18,2,3,1473,1,2,3,4,1,4,1,39,3,2,1,3,1,2,1
793814,1,4,24,2,3,1533,1,2,4,2,1,3,3,38,2,2,1,3,1,2,1
529262,1,4,12,4,6,2012,5,4,4,2,1,2,3,61,3,2,1,3,1,1,1
155327,0,1,15,2,0,3959,1,3,3,2,1,2,2,29,3,2,1,3,1,2,1
210264,1,1,6,2,2,428,1,5,2,2,1,1,2,49,1,2,1,3,1,2,1
339046,1,2,12,4,0,2366,3,4,3,1,1,3,3,36,3,2,1,4,1,2,1
762714,1,4,12,2,2,763,1,3,4,2,1,1,1,26,3,2,1,3,1,2,1
699616,1,2,21,2,2,3976,5,4,2,3,1,3,3,35,3,2,1,3,1,2,1
499385,1,2,18,2,0,6260,1,4,3,3,1,3,1,28,3,1,1,2,1,1,1
664529,1,2,9,4,2,1919,1,4,4,3,1,3,3,35,3,1,1,3,1,2,1
367126,1,4,24,2,1,2603,4,3,2,2,1,4,3,28,3,1,1,3,1,2,1
266171,1,4,9,4,6,936,3,5,4,3,1,2,3,52,3,2,2,3,1,2,1
304912,1,4,24,2,2,3062,3,5,4,3,1,3,4,32,3,1,1,3,1,2,1
280055,1,2,36,2,3,4795,1,2,4,2,1,1,4,30,3,2,1,4,1,2,1
138256,1,4,36,4,1,5842,1,5,2,3,1,2,2,35,3,2,2,3,2,2,1
283615,1,2,6,2,3,2063,1,2,4,4,1,3,3,30,3,1,1,4,1,2,1
780420,1,4,15,4,3,1459,1,3,4,2,1,2,3,43,3,2,1,2,1,1,1
762358,1,4,15,2,3,1213,3,5,4,3,1,3,2,47,2,2,1,3,1,2,1
612626,1,4,24,4,3,5103,1,2,3,4,1,3,4,47,3,3,3,3,1,2,1
152219,1,4,15,2,4,874,5,2,4,2,1,1,1,24,3,2,1,3,1,1,1
427653,1,4,6,2,2,2978,3,3,1,3,1,2,3,32,3,2,1,3,1,2,1
707614,1,4,18,2,0,1820,1,3,2,4,1,2,2,30,3,2,1,4,1,2,1
460778,1,4,24,4,3,2872,2,5,3,3,1,4,1,36,3,2,1,3,2,2,1
354222,1,3,24,2,2,1925,1,3,2,3,1,2,1,26,3,2,1,3,1,1,1
216248,1,4,18,2,2,2515,1,3,3,3,1,4,1,43,3,2,1,3,1,2,1
76240,1,3,6,2,2,2116,1,3,2,3,1,2,1,41,3,2,1,3,1,2,1
78091,1,4,18,2,3,1453,1,2,3,2,1,1,1,26,3,2,1,3,1,1,1
423986,1,4,10,2,0,1364,1,3,2,2,1,4,3,64,3,2,1,3,1,2,1
521367,1,4,6,2,2,1543,4,3,4,1,1,2,1,33,3,2,1,3,1,1,1
611911,1,2,12,2,0,1318,4,5,4,3,1,4,1,54,3,2,1,3,1,2,1
551856,1,1,24,1,0,2325,2,4,2,3,1,3,3,32,1,2,1,3,1,1,1
64235,1,2,6,4,8,932,5,4,1,2,1,3,2,39,3,2,2,2,1,1,1
184905,1,3,24,4,3,3148,5,3,3,3,1,2,3,31,3,2,2,3,1,2,1
127232,1,4,36,2,3,3835,5,5,2,2,1,4,1,45,3,2,1,2,1,2,1
379254,1,4,9,2,6,3832,5,5,1,3,1,4,1,64,3,2,1,2,1,1,1
521450,1,2,24,2,3,5084,5,5,2,2,1,4,3,42,3,2,1,3,1,2,1
284471,1,4,9,4,2,2406,1,1,2,3,1,3,3,31,3,2,1,4,1,1,1
424172,1,4,36,2,3,2394,5,3,4,2,1,4,3,25,3,2,1,3,1,1,1
386225,1,4,21,2,1,2476,5,5,4,3,1,4,1,46,3,2,1,4,1,2,1
469710,1,1,24,2,1,2964,5,5,4,3,1,4,4,49,1,3,1,3,2,2,1
660069,1,1,12,2,2,1262,5,5,2,1,1,4,2,49,3,2,1,2,1,2,1
390227,1,4,12,2,9,1542,1,4,2,3,1,4,3,36,3,2,1,3,1,2,1
144395,1,2,24,4,3,1743,1,5,4,3,1,2,2,48,3,2,2,2,1,1,1
369282,1,3,12,1,3,409,4,3,3,2,1,3,1,42,3,1,2,3,1,1,1
224135,1,4,12,2,3,2171,1,2,2,2,1,2,3,29,1,2,1,3,1,1,1
181680,1,4,48,4,1,8858,5,4,2,3,1,1,4,35,3,3,2,3,1,2,1
200440,1,2,24,2,0,3512,2,4,2,3,1,3,3,38,1,2,2,3,1,2,1
318046,1,2,12,2,3,1158,3,3,3,1,1,1,3,26,3,2,1,3,1,2,1
318282,1,4,24,4,3,2684,1,3,4,3,1,2,1,35,3,2,2,2,1,1,1
612703,1,1,12,2,3,1498,1,3,4,2,1,1,3,23,1,2,1,3,1,1,1
494100,1,4,30,4,3,5954,1,4,3,3,2,2,3,38,3,2,1,3,1,1,1
222103,0,2,48,1,9,6416,1,5,4,2,1,3,4,59,3,1,1,3,1,1,1
280104,1,2,12,4,2,3617,1,5,1,3,1,4,3,28,3,1,3,3,1,2,1
563554,1,4,12,4,3,1291,1,3,4,2,1,2,2,35,3,2,2,3,1,1,1
119606,1,3,24,4,9,1275,4,3,2,1,1,4,1,36,3,2,2,3,1,2,1
289722,1,4,24,2,2,3972,1,4,2,2,1,4,2,25,3,1,1,3,1,2,1
30892,1,4,15,4,2,3343,1,3,4,3,1,2,4,28,3,3,1,3,1,2,1
349090,1,3,15,2,6,392,1,2,4,2,1,4,2,23,3,1,1,3,1,2,1
253213,1,4,9,4,0,2134,1,3,4,3,1,4,3,48,3,2,3,3,1,2,1
54737,1,4,30,4,3,5771,1,4,4,2,1,2,3,25,3,2,2,3,1,1,1
459274,1,4,24,4,9,4526,1,3,3,3,1,2,1,74,3,2,1,4,1,2,1
718469,1,4,15,4,2,2788,1,4,2,2,2,3,3,24,1,2,2,3,1,1,1
313935,1,4,6,4,3,1382,1,3,1,2,1,1,3,28,3,2,2,3,1,2,1
146528,1,3,36,2,3,5848,1,3,4,3,1,1,3,24,3,2,1,3,1,1,1
10978,0,1,12,2,0,1228,1,3,4,2,1,2,1,24,3,2,1,2,1,1,1
89447,1,3,12,2,3,1297,1,3,3,4,1,4,1,23,3,1,1,3,1,1,1
740753,1,4,24,2,3,1552,1,4,3,3,1,1,3,32,1,2,1,3,2,1,1
580067,1,4,12,2,3,1963,1,4,4,3,1,2,3,31,3,1,2,4,2,2,1
70050,1,4,24,2,3,3235,3,5,3,1,1,2,3,36,3,2,1,4,1,2,1
352274,1,4,24,4,9,4139,2,3,3,3,1,3,2,27,3,2,2,2,1,2,1
319601,1,2,12,4,1,1804,2,2,3,3,1,4,2,44,3,2,1,3,1,1,1
206414,1,4,18,2,9,1950,1,4,4,3,1,1,3,34,2,2,2,3,1,2,1
544137,1,4,48,3,3,12749,3,4,4,3,1,1,3,37,3,2,1,4,1,2,1
127434,1,4,9,2,4,1236,1,2,1,2,1,4,1,23,3,1,1,3,1,2,1
82499,1,4,18,4,0,1055,1,2,4,2,1,1,2,30,3,2,2,3,1,1,1
209305,1,1,30,0,9,8072,5,2,2,3,1,3,3,25,1,2,3,3,1,1,1
169963,1,4,30,4,3,2831,1,3,4,2,1,2,3,33,3,2,1,3,1,2,1
115212,1,4,9,2,9,1449,1,4,3,2,1,2,3,27,3,2,2,3,1,1,1
600050,1,4,36,2,9,5742,2,4,2,3,1,2,3,31,3,2,2,3,1,2,1
122378,1,4,12,2,0,2390,5,5,4,3,1,3,3,50,3,2,1,3,1,2,1
586494,1,4,24,2,3,3430,3,5,3,3,1,2,3,31,3,2,1,3,2,2,1
433757,1,2,36,2,6,2273,1,4,3,3,1,1,3,32,3,2,2,3,2,1,1
400947,1,3,21,2,0,2923,2,3,1,2,1,1,3,28,1,2,1,4,1,2,1
109545,1,4,24,2,3,1901,2,3,4,3,1,4,3,29,3,1,1,4,1,2,1
465249,1,2,36,2,6,3711,5,3,2,4,1,2,3,27,3,2,1,3,1,1,1
57015,1,2,48,2,0,8487,5,4,1,2,1,2,3,24,3,2,1,3,1,1,1
512081,1,4,24,2,0,2255,5,2,4,3,1,1,2,54,3,2,1,3,1,1,1
542676,1,4,12,2,3,1262,1,3,3,3,1,2,3,25,3,2,1,3,1,1,1
690448,1,4,33,4,1,7253,1,4,3,3,1,2,3,35,3,2,2,4,1,2,1
414758,1,4,6,4,0,6761,1,4,1,3,1,3,4,45,3,2,2,4,2,2,1
420037,1,4,18,4,2,1817,1,3,4,2,1,2,4,28,3,2,2,3,1,1,1
72429,1,4,12,2,3,2141,2,4,3,3,1,1,4,35,3,2,1,3,1,1,1
72190,1,4,48,1,9,3609,1,3,1,2,1,1,1,27,2,2,1,3,1,1,1
234275,1,4,30,2,3,2333,3,5,4,3,1,2,3,30,1,2,1,4,1,1,1
686165,1,4,28,1,1,7824,5,2,3,3,3,4,1,40,1,1,2,3,2,2,1
367666,1,3,18,1,3,1445,5,4,4,3,1,4,3,49,1,2,1,2,1,1,1
274487,1,1,24,2,2,7721,5,2,1,2,1,2,2,30,3,2,1,3,1,2,2
445718,1,1,21,2,0,3763,5,4,2,3,2,2,1,24,3,2,1,2,1,1,2
739511,1,2,18,2,9,4439,1,5,1,3,2,1,1,33,1,2,1,4,1,2,1
658577,1,1,12,2,3,1107,1,3,2,3,1,2,1,20,3,1,1,4,2,2,1
585336,1,2,15,2,3,1444,5,2,4,3,1,1,2,23,3,2,1,3,1,1,1
683680,1,2,48,1,0,12169,5,1,4,3,2,4,4,36,3,3,1,4,1,2,1
675778,1,4,9,2,3,2753,2,5,3,3,2,4,3,35,3,2,1,3,1,2,1
135923,1,3,4,2,0,1494,5,2,1,3,1,2,1,29,3,2,1,2,2,1,2
101464,1,1,24,1,2,2828,3,3,4,3,1,4,1,22,2,2,1,3,1,2,1
656133,1,1,24,1,2,2483,3,3,4,3,1,4,1,22,2,2,1,3,1,2,1
97299,1,3,6,4,0,1299,1,3,1,3,1,1,1,74,3,2,3,1,2,1,2
182803,1,2,9,2,0,1549,5,2,4,3,1,2,1,35,3,2,1,1,1,1,1
506391,1,3,10,2,0,3949,1,2,1,3,3,1,2,37,3,2,1,2,2,1,1
57692,1,4,10,2,1,2901,5,2,1,2,1,4,1,31,3,1,1,3,1,1,1
11761,1,3,6,2,0,709,4,2,2,4,1,2,1,27,3,2,1,1,1,1,2
299842,1,1,47,2,0,10722,1,2,1,2,1,1,1,35,3,2,1,2,1,2,1
552610,1,4,10,2,0,1287,5,5,4,3,2,2,2,45,3,2,1,2,1,1,2
138854,1,1,18,1,3,1940,1,2,3,3,2,4,4,36,1,3,1,4,1,2,1
503704,1,3,30,4,3,3656,5,5,4,3,1,4,2,49,2,2,2,2,1,1,1
513680,1,4,24,3,1,4679,1,4,3,3,1,3,3,35,3,2,2,2,1,2,1
447802,1,4,27,3,1,8613,4,3,2,3,1,2,3,27,3,2,2,3,1,1,1
161683,1,1,18,2,2,2659,4,3,4,3,1,2,3,28,3,2,1,3,1,1,1
333097,1,4,24,4,3,1516,4,3,4,2,1,1,1,43,3,2,2,2,1,1,1
666944,1,1,18,2,0,4380,2,3,3,3,1,4,3,35,3,2,1,2,2,2,1
417998,1,4,14,3,0,802,1,3,4,3,1,2,3,27,3,2,2,2,1,1,1
116032,1,4,21,2,9,1572,4,5,4,2,1,4,1,36,1,2,1,2,1,1,1
496277,1,2,48,1,9,3566,2,4,4,3,1,2,3,30,3,2,1,3,1,1,1
644092,1,4,24,2,3,1278,1,5,4,3,1,1,1,36,3,2,1,4,1,2,1
15706,1,4,6,0,3,426,1,5,4,4,1,4,3,39,3,2,1,2,1,1,1
734604,1,4,39,2,1,8588,2,5,4,3,1,2,3,45,3,2,1,4,1,2,1
379491,1,1,30,2,1,3857,1,3,4,1,1,4,2,40,3,2,1,4,1,2,1
190611,0,2,12,2,0,685,1,4,2,4,1,3,3,25,1,2,1,2,1,1,1
576031,1,1,24,2,3,1603,1,5,4,2,1,4,3,55,3,2,1,3,1,1,1
228113,1,4,21,2,2,2241,1,5,4,3,1,2,1,50,3,2,2,3,1,1,1
740786,1,1,24,2,3,2384,1,5,4,3,1,4,1,64,1,1,1,2,1,1,1
77079,1,4,4,2,2,601,1,2,1,2,1,3,1,23,3,1,1,2,2,1,1
794649,1,4,39,2,1,2569,3,3,4,3,1,4,3,24,3,2,1,3,1,1,1
191004,1,4,15,4,3,1316,3,3,2,4,1,2,2,47,3,2,2,2,1,1,1
108650,1,4,60,2,0,10366,1,5,2,3,1,4,2,42,3,2,1,4,1,2,1
237255,1,4,18,2,9,1568,2,3,3,2,1,4,2,24,3,1,1,2,1,1,1
367332,1,4,18,4,3,629,3,5,4,3,1,3,2,32,1,2,2,4,1,2,1
566182,1,4,6,1,3,1750,3,5,2,3,1,4,2,45,1,2,1,2,2,1,1
54102,1,4,24,2,1,3488,2,4,3,2,1,4,3,23,3,2,1,3,1,1,1
698026,1,4,18,4,3,1800,1,3,4,3,1,2,3,24,3,2,2,3,1,1,1
446201,1,4,24,3,2,4151,2,3,2,3,1,3,2,35,3,2,2,3,1,1,1
334226,1,2,15,2,5,2631,2,3,3,2,1,2,1,25,3,2,1,2,1,1,1
174350,1,4,21,2,1,5248,5,3,1,3,1,3,3,26,3,2,1,3,1,1,1
714077,1,2,18,3,0,2899,5,5,4,3,1,4,3,43,3,2,1,3,2,1,1
506387,1,2,18,3,5,6204,1,3,2,3,1,4,1,44,3,2,1,2,2,2,1
291792,1,4,12,2,3,804,1,5,4,3,1,4,3,38,3,2,1,3,1,1,1
486373,1,4,36,2,3,3595,1,5,4,3,1,2,3,28,3,2,1,3,1,1,1
710656,1,4,36,4,1,5711,4,5,4,3,1,2,3,38,3,2,2,4,1,2,1
632704,1,3,15,2,9,2687,1,4,2,3,1,4,2,26,3,1,1,3,1,2,1
644542,1,1,15,3,2,3643,1,5,1,2,1,4,2,27,3,2,2,2,1,1,1
414019,1,4,10,4,2,2146,1,2,1,2,1,3,1,23,3,1,2,3,1,1,1
238749,1,1,10,2,3,2315,1,5,3,3,1,4,1,52,3,2,1,2,1,1,1
260281,1,4,5,2,9,3448,1,4,1,3,1,4,1,74,3,2,1,2,1,1,1
234458,1,4,15,2,2,2708,1,2,2,3,1,3,2,27,1,2,2,2,1,1,1
506110,1,4,11,4,0,1393,1,2,4,2,1,4,3,35,3,2,2,4,1,1,1
30943,1,3,10,2,2,1275,1,2,4,2,1,2,2,23,3,2,1,3,1,1,1
344355,1,4,9,2,2,1313,1,5,1,3,1,4,3,20,3,2,1,3,1,1,1
787754,1,4,12,2,3,1493,1,2,4,2,1,3,3,34,3,2,1,3,2,1,1
701684,1,4,22,2,3,2675,3,5,3,3,1,4,3,40,3,2,1,3,1,1,1
225988,1,2,9,2,3,2118,1,3,2,3,1,2,1,37,3,2,1,2,2,1,1
645738,1,4,36,2,0,909,3,5,4,3,1,4,2,36,3,2,1,3,1,1,1
625426,1,4,12,4,2,1258,1,2,2,2,1,4,2,22,3,1,2,2,1,1,1
220535,1,4,15,1,3,1569,2,5,4,3,1,4,3,34,1,2,1,2,2,1,1
236220,1,4,6,2,1,1236,3,3,2,3,1,4,2,50,3,1,1,3,1,1,1
6390,1,4,36,3,2,7678,3,4,2,2,1,4,3,40,3,2,2,3,1,2,1
122134,1,4,6,2,5,660,3,4,2,4,1,4,1,23,3,1,1,2,1,1,1
570705,1,4,24,2,2,2835,3,5,3,3,1,4,2,53,3,2,1,3,1,1,1
176916,1,4,24,2,1,2670,1,5,4,3,1,4,3,35,3,2,1,4,1,2,1
229479,1,4,12,1,8,3447,3,3,4,2,1,3,1,35,3,2,1,2,2,1,1
204714,1,4,15,2,3,3568,1,5,4,2,1,2,3,54,1,1,1,4,1,2,1
173615,1,2,21,4,9,3652,1,4,2,3,1,3,2,27,3,2,2,3,1,1,1
410762,1,1,24,2,3,3660,1,3,2,2,1,4,3,28,3,2,1,3,1,1,1
653595,1,3,9,2,3,1126,2,5,2,1,1,4,1,49,3,2,1,3,1,1,1
448327,1,3,6,3,3,683,1,2,2,2,1,1,2,29,1,2,1,3,1,1,1
707883,1,3,12,2,2,2251,1,3,1,2,1,2,3,46,3,2,1,2,1,1,1
771260,1,4,12,2,1,4675,5,2,1,2,1,4,3,20,3,1,1,3,1,1,1
185023,1,2,21,3,0,2353,1,3,1,1,1,4,2,47,3,2,2,3,1,1,1
184022,1,1,21,2,3,3357,4,2,4,2,1,2,3,29,1,2,1,3,1,1,1
225919,1,4,6,2,0,672,1,1,1,2,1,4,1,54,3,2,1,1,1,2,1
46222,1,1,6,4,3,338,3,5,4,3,1,4,3,52,3,2,2,3,1,1,1
644662,1,4,9,2,3,2697,1,3,1,3,1,2,1,32,3,2,1,3,2,1,1
503418,1,4,9,2,0,2507,3,5,2,3,1,4,4,51,3,3,1,2,1,1,1
422683,1,4,15,3,3,1478,1,3,4,4,1,3,1,33,1,2,2,3,1,1,1
748044,1,4,12,4,6,3565,5,2,2,3,1,1,2,37,3,2,2,2,2,1,1
555212,1,4,15,2,2,2221,3,3,2,2,1,4,3,20,3,1,1,3,1,1,1
239637,1,4,6,4,3,1898,5,3,1,3,1,2,1,34,3,2,2,2,2,1,1
316309,1,2,6,3,9,1449,2,5,1,1,1,2,3,31,1,2,2,3,2,1,1
734202,1,4,15,3,2,960,4,4,3,2,1,2,2,30,3,2,2,3,1,1,1
127298,1,4,36,2,1,8133,1,3,1,2,1,2,2,30,1,2,1,3,1,1,1
20452,1,4,9,2,2,2301,2,2,2,2,1,4,2,22,3,1,1,3,1,1,1
505434,1,4,6,3,9,1743,2,3,1,3,1,2,1,34,3,2,2,2,1,1,1
19633,1,2,12,2,2,983,4,2,1,2,1,4,1,19,3,1,1,2,1,1,1
717466,1,4,18,3,3,2320,1,1,2,4,1,3,1,34,3,2,2,3,1,1,1
195434,1,1,12,1,8,339,1,5,4,4,1,1,3,45,1,2,1,2,1,1,1
451630,1,3,24,2,3,5152,1,4,4,3,1,2,3,25,1,2,1,3,1,1,1
542120,1,3,24,2,2,3749,1,2,2,2,1,4,3,26,3,2,1,3,1,1,1
386518,1,4,9,4,3,3074,5,3,1,3,1,2,1,33,3,2,2,3,2,1,1
221540,0,3,9,2,3,745,1,3,3,2,1,2,1,28,3,2,1,2,1,1,1
430376,1,4,24,2,0,1469,2,5,4,4,1,4,1,41,3,1,1,2,1,1,1
501203,1,1,6,2,2,1374,1,3,1,3,1,2,1,36,1,2,1,2,1,2,1
313999,1,4,6,1,0,783,5,3,1,3,3,2,1,26,2,2,1,2,2,1,1
515978,1,1,21,2,3,2606,1,2,4,2,1,4,2,28,3,1,1,4,1,2,1
288334,1,4,54,0,1,9436,5,3,2,3,1,2,2,39,3,2,1,2,2,1,1
411595,1,4,12,4,3,930,5,5,4,3,1,4,1,65,3,2,4,3,1,1,1
132950,1,4,48,4,1,2751,5,5,4,3,1,3,3,38,3,2,2,3,2,2,1
696627,1,4,6,4,0,250,4,3,2,2,1,2,1,41,1,2,2,2,1,1,1
292683,1,2,24,2,0,1201,1,2,4,3,1,1,2,26,3,2,1,3,1,1,1
575886,1,1,6,2,0,662,1,2,3,3,1,4,1,41,3,2,1,2,2,2,1
152541,1,4,15,2,1,1300,5,5,4,3,1,4,4,45,1,3,1,3,2,1,1
475277,1,4,24,1,9,1559,1,4,4,3,1,4,3,40,1,2,1,3,1,2,1
788781,1,3,12,2,3,3016,1,3,3,4,1,1,3,24,3,2,1,3,1,1,1
664571,1,4,15,4,3,1360,1,3,4,3,1,2,2,31,3,2,2,3,1,1,1
54472,1,4,6,0,0,1204,2,3,4,3,1,1,4,35,1,1,1,3,1,1,2
432320,1,4,10,2,0,1597,3,3,3,3,1,2,4,40,3,1,1,2,2,1,2
676122,1,4,12,2,3,2073,2,3,4,2,2,2,1,28,3,2,1,3,1,1,1
759241,1,4,11,2,9,2142,4,5,1,1,1,2,1,28,3,2,1,3,1,2,1
143970,1,1,10,4,2,2132,5,2,2,2,2,3,1,27,3,1,2,3,1,1,2
781028,1,4,10,2,0,1546,1,3,3,3,1,2,1,31,3,2,1,2,2,1,2
499367,1,4,24,4,0,1287,4,5,4,2,1,4,1,37,3,2,2,3,1,2,1
509923,1,4,10,2,0,1418,2,3,3,3,1,2,1,35,3,1,1,2,1,1,2
149932,1,3,6,4,0,1343,1,5,1,3,1,4,1,46,3,2,2,3,2,1,2
197308,1,4,18,2,0,2662,5,4,4,3,1,3,2,32,3,2,1,3,1,1,2
114588,1,4,18,4,3,6070,1,5,3,3,1,4,3,33,3,2,2,3,1,2,1
621153,1,4,24,4,6,1927,5,3,3,2,1,2,3,33,3,2,2,3,1,2,1
720285,1,4,18,4,3,2404,1,3,2,2,1,2,3,26,3,2,2,3,1,1,1
544814,1,4,6,4,3,1554,1,4,1,2,1,2,3,24,3,1,2,3,1,2,1
495327,1,4,22,2,0,1283,5,4,4,2,1,4,2,25,3,1,1,3,1,1,1
412861,1,4,24,3,0,717,5,5,4,4,1,4,3,54,3,2,2,3,1,2,1
414961,1,1,24,2,2,1747,1,2,4,3,2,1,2,24,3,2,1,2,1,1,2
419458,1,1,9,4,5,1288,2,5,3,3,3,4,1,48,3,2,2,3,2,1,2
318583,1,1,10,4,0,1038,1,4,4,3,2,3,2,49,3,2,2,3,1,2,1
418387,1,4,10,2,1,2848,2,3,1,3,2,2,1,32,3,2,1,3,2,1,1
615476,1,4,12,2,1,1413,4,4,3,3,1,2,2,55,3,2,1,3,1,1,2
577945,1,4,30,4,3,3077,5,5,3,3,1,2,3,40,3,2,2,3,2,2,1
674147,1,1,24,1,1,3632,1,3,1,2,3,4,3,22,1,1,1,3,1,1,2
29269,1,4,18,4,1,3229,5,1,2,3,1,4,4,38,3,2,1,4,1,2,1
201920,1,4,9,2,0,3577,2,3,1,3,3,2,1,26,3,1,1,3,2,1,2
307640,1,4,12,4,0,682,2,4,4,2,1,3,3,51,3,2,2,3,1,2,1
625346,1,4,10,2,3,1924,1,3,1,3,1,4,2,38,3,2,1,3,1,2,2
576862,1,4,10,2,6,727,3,5,4,3,1,4,4,46,3,3,1,3,1,2,1
521932,1,3,10,4,0,781,1,5,4,3,1,4,4,63,3,3,2,3,1,2,1
625747,1,1,12,4,0,2121,1,3,4,3,1,2,2,30,3,2,2,3,1,1,1
238433,1,4,12,4,6,701,1,3,4,3,1,2,3,32,3,2,2,3,1,1,1
309108,1,4,10,4,2,2069,5,3,2,4,1,1,3,26,3,2,2,3,1,1,2
45359,1,4,24,2,0,1525,4,4,4,2,1,3,3,34,3,2,1,3,2,2,1
555386,1,4,48,4,9,7629,5,5,4,1,1,2,3,46,1,2,2,4,2,1,1
72679,0,1,12,4,0,3499,1,3,3,2,2,2,1,29,3,2,2,3,1,1,1
32226,1,4,6,2,3,1346,2,5,2,3,1,4,4,42,1,3,1,3,2,2,1
486501,1,4,36,4,1,10477,5,5,2,3,1,4,4,42,3,3,2,3,1,1,1
782038,1,1,24,2,1,2924,1,3,3,3,3,4,4,63,1,2,1,3,2,2,1
678265,1,4,10,4,0,1231,1,5,3,3,1,4,1,32,3,2,2,2,2,1,2
693622,1,3,18,2,0,1961,1,5,3,2,1,2,3,23,3,2,1,4,1,1,1
514065,1,4,15,4,0,5045,5,5,1,2,1,4,3,59,3,2,1,3,1,2,1
291662,1,4,12,4,0,1255,1,5,4,3,1,4,1,61,3,2,2,2,1,1,1
270851,1,1,12,2,2,1858,1,2,4,2,1,1,3,22,3,1,1,3,1,1,1
477041,1,4,6,4,2,1221,5,3,1,4,1,2,2,27,3,2,2,3,1,1,1
663252,1,4,9,2,2,1388,1,3,4,2,1,2,1,26,3,1,1,3,1,1,1
77456,1,4,12,2,3,2279,5,3,4,3,1,4,4,37,3,3,1,3,1,2,1
234909,1,4,12,0,2,2759,1,5,2,3,1,4,2,34,3,2,2,3,1,1,1
430833,1,3,24,2,3,1258,3,3,3,2,1,3,3,57,3,2,1,2,1,1,1
489419,1,2,12,0,8,1410,1,3,2,3,1,2,1,31,3,2,1,2,1,2,1
392516,1,1,15,2,0,1403,1,3,2,2,1,4,3,28,3,1,1,3,1,1,1
464014,1,1,24,2,2,3021,1,3,2,1,1,2,1,24,3,1,1,2,1,1,1
596019,1,1,24,2,9,6568,1,3,2,4,1,2,3,21,2,2,1,2,1,1,1
181846,1,4,24,4,3,2578,4,5,2,3,1,2,3,34,3,2,1,3,1,1,1
440489,1,2,24,4,1,7758,4,5,2,2,1,4,4,29,3,1,1,3,1,1,1
82766,1,1,6,2,4,343,1,2,4,2,1,1,1,27,3,2,1,3,1,1,1
448164,1,4,21,3,2,1591,2,4,4,3,1,3,1,34,3,2,2,4,1,1,1
466389,1,1,27,2,3,3416,1,3,3,3,1,2,3,27,3,2,1,4,1,1,1
596388,0,1,12,0,5,1108,1,4,4,3,1,3,1,28,3,2,2,3,1,1,1
273056,1,2,27,3,1,5965,1,5,1,3,1,2,3,30,3,2,2,4,1,2,1
335820,1,2,15,2,5,1514,2,3,4,3,3,2,1,22,3,2,1,3,1,1,1
489489,1,4,30,4,3,6742,5,4,2,3,1,3,2,36,3,2,2,3,1,1,1
708752,1,1,18,2,2,3650,1,2,1,2,1,4,3,22,3,1,1,3,1,1,1
113603,1,1,21,2,2,3599,1,4,1,2,1,4,3,26,3,1,1,2,1,1,1
427472,1,4,60,4,0,13756,5,5,2,3,1,4,4,63,1,3,1,4,1,2,1
731518,1,2,9,2,0,276,1,3,4,4,1,4,1,22,3,1,1,2,1,1,1
169746,1,4,42,4,2,4041,3,3,4,3,1,4,1,36,3,2,2,3,1,2,1
216593,1,2,9,2,3,458,1,3,4,3,1,3,1,24,3,2,1,3,1,1,1
338114,0,2,9,2,2,918,1,3,4,2,1,1,2,30,3,2,1,3,1,1,1
108918,1,4,24,2,0,7393,1,3,1,3,1,4,2,43,3,2,1,2,2,1,1
772793,1,3,10,2,4,1225,1,3,2,3,1,2,3,37,3,2,1,3,1,2,1
423360,1,1,24,2,1,2812,5,5,2,2,1,4,1,26,3,1,1,3,1,1,1
220436,1,4,15,2,1,3029,1,4,2,3,1,2,3,33,3,2,1,3,1,1,1
774670,1,3,12,4,0,1480,3,1,2,3,1,4,4,66,1,3,3,1,1,1,1
345529,1,3,6,4,6,1047,1,3,2,2,1,4,2,50,3,2,1,2,1,1,1
708674,1,4,15,4,3,1471,1,3,4,3,1,4,4,35,3,3,2,3,1,2,1
87944,1,4,24,2,2,5511,2,3,4,3,1,1,3,25,2,2,1,3,1,1,1
528793,1,2,9,2,3,1206,1,5,4,2,1,4,1,25,3,2,1,3,1,1,1
27018,1,2,24,3,3,6403,1,2,1,3,1,2,3,33,3,2,1,3,1,1,1
329578,1,4,12,2,3,707,1,3,4,3,1,2,1,30,1,2,2,3,1,1,1
337726,1,4,12,3,1,1503,1,3,4,4,1,4,1,41,3,1,1,3,1,1,1
199561,1,2,12,2,0,6078,1,4,2,3,1,2,3,32,3,2,1,3,1,1,1
322956,1,2,27,2,9,2528,1,2,4,2,1,1,2,32,3,2,1,3,2,2,1
444104,1,2,12,2,9,1037,2,4,3,3,1,4,1,39,3,2,1,2,1,1,1
129596,1,1,6,2,1,1352,3,1,1,2,1,2,2,23,3,1,1,1,1,2,1
489531,1,4,24,2,3,3181,1,2,4,2,1,4,2,26,3,2,1,3,1,2,1
211532,1,4,18,2,3,4594,1,2,3,3,1,2,3,32,3,2,1,3,1,2,1
211528,1,2,48,2,10,5381,5,1,3,3,1,4,4,40,1,3,1,1,1,2,1
678799,1,4,15,2,1,4657,1,3,3,3,1,2,3,30,3,2,1,3,1,2,1
365721,1,2,9,2,9,1391,1,3,2,4,1,1,1,27,1,2,1,3,1,2,1
572391,1,2,18,2,9,1913,4,2,3,4,1,3,1,36,1,2,1,3,1,2,1
26986,1,4,42,2,3,7166,5,4,2,4,1,4,2,29,3,1,1,3,1,2,1
428075,1,4,13,2,3,1409,2,1,2,2,1,4,1,64,3,2,1,3,1,1,1
139456,1,4,24,3,9,2978,5,3,4,3,1,4,1,32,3,2,2,3,2,2,1
158795,1,4,12,4,3,976,5,5,4,3,1,4,3,35,3,2,2,3,1,1,1
238539,1,4,24,3,9,2375,3,3,4,3,1,2,3,44,3,2,2,3,2,2,1
1919,1,4,12,4,3,522,3,5,4,3,1,4,2,42,3,2,2,3,2,2,1
744993,1,4,28,4,3,2743,1,5,4,3,1,2,3,29,3,2,2,3,1,1,1
79656,1,4,11,4,3,1154,2,1,4,2,1,4,1,57,3,2,3,2,1,1,1
757985,1,4,24,4,1,5804,4,3,4,3,1,2,1,27,3,2,2,3,1,1,1
131982,1,4,18,4,3,1169,5,3,4,3,1,3,2,29,3,2,2,3,1,2,1
456773,1,1,15,4,2,1478,1,5,4,3,1,4,3,44,3,2,2,3,2,2,1
291262,1,4,12,2,3,776,1,3,4,4,1,2,1,28,3,2,1,3,1,1,1
7007,1,2,11,4,0,1322,4,3,4,2,1,4,3,40,3,2,2,3,1,1,1
390136,1,2,16,4,0,1175,1,1,2,3,1,3,3,68,3,3,3,1,1,2,1
556247,1,4,12,2,0,2133,5,5,4,2,1,4,4,52,3,3,1,4,1,2,1
394434,1,4,15,4,3,1829,1,5,4,3,1,4,3,46,3,2,2,3,1,2,1
174483,1,4,12,4,3,717,1,5,4,3,1,4,1,52,3,2,3,3,1,1,1
682061,1,2,39,3,6,11760,2,4,2,3,1,3,4,32,3,1,1,3,1,2,1
612189,0,2,9,4,6,1501,1,5,2,2,1,3,3,34,3,2,2,4,1,2,1
30269,1,1,12,2,6,1200,5,3,4,2,1,4,2,23,1,1,1,3,1,2,1
53384,1,2,9,2,0,3195,5,3,1,2,1,2,1,33,3,2,1,2,1,1,1
366227,1,4,30,4,3,4530,1,4,4,2,1,4,3,26,3,1,1,4,1,2,1
321335,0,4,12,3,5,1555,4,5,4,3,1,4,4,55,3,3,2,3,2,1,1
649085,1,2,15,4,9,2326,3,3,2,3,1,4,3,27,1,2,1,3,1,1,1
616715,1,2,18,4,9,1887,5,3,4,4,1,4,1,28,1,2,2,3,1,1,1
332903,1,4,12,4,9,1264,5,5,4,3,1,4,4,57,3,1,1,2,1,1,1
485060,1,4,7,3,3,846,5,5,3,3,1,4,4,36,3,3,1,3,1,1,1
408894,1,4,15,4,6,1532,2,3,4,2,1,3,3,31,3,2,1,3,1,1,1
23275,1,4,6,3,3,935,1,3,3,2,1,2,1,24,3,2,1,3,1,1,1
752199,1,1,27,4,9,2442,1,5,4,3,1,4,3,43,2,2,4,4,2,2,1
147875,1,2,18,4,9,3590,1,1,3,4,1,3,3,40,3,2,3,1,2,2,1
110735,1,4,21,4,2,2288,1,2,4,2,1,4,2,23,3,2,1,3,1,2,1
121219,1,4,27,3,9,5117,1,4,3,3,1,4,3,26,3,2,2,3,1,1,1
390875,1,1,39,4,2,14179,5,4,4,3,1,4,2,30,3,2,2,4,1,2,1
72081,1,4,15,2,3,1386,5,3,4,4,1,2,1,40,3,1,1,3,1,2,1
168120,1,4,12,4,3,618,1,5,4,3,1,4,1,56,3,2,1,3,1,1,1
502945,1,4,12,2,2,1574,1,3,4,3,1,2,1,50,3,2,1,3,1,1,1
633011,1,4,6,4,3,700,5,5,4,3,1,4,4,36,3,3,2,3,1,1,1
552260,1,4,12,2,3,886,5,3,4,2,1,2,3,21,3,2,1,3,1,1,1
703123,1,4,36,2,1,4686,1,3,2,3,1,2,4,32,3,3,1,4,1,2,1
263009,1,2,9,2,3,790,3,3,4,2,1,3,1,66,3,2,1,2,1,1,1
351495,0,2,12,2,3,766,3,3,4,3,1,3,1,66,3,2,1,2,1,1,1
652635,1,1,20,2,2,2212,5,4,4,3,1,4,3,39,3,2,1,3,1,2,1
731863,1,2,10,2,0,7308,1,1,2,3,1,4,4,70,1,3,1,4,1,2,1
64563,1,2,24,4,6,5743,1,2,2,2,1,4,4,24,3,3,2,3,1,2,1
775642,1,1,14,2,0,3973,1,1,1,3,1,4,4,22,3,3,1,3,1,1,1
150072,1,2,60,3,3,7418,5,3,1,3,1,1,1,27,3,2,1,2,1,1,1
773876,1,2,20,3,10,2629,1,3,2,3,1,3,3,29,1,2,2,3,1,2,1
175431,1,2,18,2,9,1941,4,3,4,3,1,2,2,35,3,2,1,2,1,2,1
258119,1,2,24,3,2,2333,5,2,4,3,1,2,2,29,1,2,1,2,1,1,1
502890,1,4,12,2,1,2445,5,2,2,4,1,4,3,26,3,1,1,3,1,2,1
443393,1,2,20,2,1,6468,5,1,1,1,1,4,1,60,3,2,1,4,1,2,1
350111,1,2,18,4,2,7374,1,1,4,3,1,4,2,40,2,2,2,4,1,2,1
544563,1,4,15,2,1,3812,2,2,1,2,1,4,3,23,3,2,1,3,1,2,1
123272,0,1,28,2,0,4006,1,3,3,3,1,2,3,45,3,2,1,2,1,1,1
454589,1,2,12,2,0,7472,5,1,1,2,1,2,1,24,3,1,1,1,1,1,1
356552,1,3,12,2,2,1424,5,5,3,2,1,4,1,55,3,2,1,4,1,2,1
566963,1,2,12,2,1,2028,5,3,4,3,1,2,3,30,3,2,1,3,1,1,1
465228,1,4,15,2,0,5324,3,5,1,2,1,4,4,35,3,3,1,3,1,1,1
497530,1,2,36,2,3,2323,1,4,4,3,1,4,3,24,3,1,1,3,1,1,1
693745,1,4,12,2,6,1393,1,5,4,3,1,4,2,47,1,2,3,3,2,2,1
431369,1,4,18,2,2,1984,1,3,4,3,1,4,4,47,1,3,2,3,1,1,1
199829,1,4,24,2,3,999,5,5,4,3,1,2,3,25,3,2,2,3,1,1,1
192206,1,4,36,2,9,7409,5,5,3,3,1,2,2,37,3,2,2,3,1,1,1
23355,1,4,15,2,2,2186,5,4,1,2,1,4,1,33,1,1,1,2,1,1,1
95389,1,3,36,2,3,4473,1,5,4,3,1,2,3,31,3,2,1,3,1,1,1
506496,1,4,24,2,8,937,1,2,4,4,1,3,3,27,3,2,2,2,1,1,1
487862,1,4,18,2,2,3422,1,5,4,3,1,4,2,47,1,2,3,3,2,2,1
673243,1,4,24,2,3,3105,5,2,4,3,1,2,3,25,3,2,2,3,1,1,1
230092,1,4,12,4,6,2748,1,5,2,2,1,4,4,57,1,3,3,2,1,1,1
575705,1,2,18,2,5,3872,1,1,2,2,1,4,3,67,3,2,1,3,1,2,1
254629,1,4,27,2,5,5190,5,5,4,3,1,4,2,48,3,2,4,3,2,2,1
608417,1,2,18,2,2,3001,1,4,2,2,1,4,1,40,3,1,1,3,1,1,1
428384,1,4,24,3,9,3863,1,3,1,3,1,2,4,32,3,3,1,3,1,1,1
692321,1,4,12,4,2,5801,5,5,2,3,1,4,2,49,3,1,1,3,1,2,2
192333,1,4,12,4,2,1592,4,4,3,2,1,2,2,35,3,2,1,3,1,1,1
84886,1,4,12,4,9,1185,1,3,3,2,1,2,1,27,3,2,2,3,1,1,1
43045,1,4,18,4,2,3780,1,2,3,1,1,2,3,35,3,2,2,4,1,2,1
354710,1,2,18,4,2,3612,1,5,3,2,1,4,2,37,3,2,1,3,1,2,2
668442,1,4,12,2,9,1076,1,3,2,4,1,2,1,26,3,2,1,3,1,2,1
701111,1,4,12,2,0,3527,5,2,2,3,1,3,2,45,3,2,1,4,2,2,1
12553,1,4,18,2,3,2051,1,2,4,3,1,1,1,33,3,2,1,3,1,1,1
56939,1,4,12,4,2,3331,1,5,2,3,1,4,2,42,2,2,1,3,1,1,1
372092,1,1,18,0,9,3104,1,4,3,3,1,1,2,31,1,2,1,3,1,2,1
677698,1,4,24,4,3,2611,1,5,4,4,2,3,1,46,3,2,2,3,1,1,1
11250,1,1,12,4,1,1409,1,5,4,3,1,3,1,54,3,2,1,3,1,1,1
140804,1,4,24,2,3,1311,2,4,4,4,1,3,2,26,3,2,1,3,1,2,1
692380,1,4,6,2,3,2108,1,4,2,4,1,2,1,29,3,1,1,3,1,1,1
369409,1,4,24,4,1,4042,5,4,3,3,1,4,2,43,3,2,2,3,1,2,1
332780,1,4,12,4,0,926,1,1,1,2,1,2,2,38,3,2,1,1,1,1,1
262997,1,1,12,2,3,1680,3,5,3,4,1,1,1,35,3,2,1,3,1,1,1
262316,1,4,24,2,0,1249,1,2,4,4,1,2,1,28,3,2,1,3,1,1,1
415135,1,4,24,4,0,2463,2,4,4,4,1,3,2,27,3,2,2,3,1,2,1
699140,1,4,6,2,3,1595,1,4,3,3,1,2,2,51,3,2,1,3,2,1,1
553319,1,4,24,4,5,2058,1,3,4,1,1,2,1,33,3,2,2,3,1,2,1
328589,1,4,24,2,1,7814,1,4,3,3,1,3,3,38,3,2,1,4,1,2,1
742873,1,4,6,4,3,1740,1,5,2,4,1,2,1,30,3,1,2,3,1,1,1
511946,1,4,12,4,3,1240,5,5,4,2,1,2,1,38,3,2,2,3,1,2,1
729118,1,4,24,4,1,6842,5,3,2,3,1,4,2,46,3,2,2,4,2,2,1
478628,1,4,24,4,2,5150,1,5,4,3,1,4,3,33,3,2,1,3,1,2,1
588421,1,1,6,2,0,1203,2,5,3,3,1,2,2,43,3,2,1,3,1,2,1
721394,1,4,6,4,0,2080,3,3,1,4,1,2,3,24,3,2,1,3,1,1,1
518473,1,4,6,2,6,1538,1,2,1,2,1,2,4,56,3,2,1,3,1,1,1
748073,1,2,24,4,0,3878,2,2,4,1,1,2,3,37,3,2,1,3,1,2,1
408358,1,2,30,2,2,3832,1,2,2,4,1,1,2,22,3,2,1,3,1,1,1
434075,1,4,15,2,0,3186,4,4,2,2,1,3,3,20,3,1,1,3,1,1,1
291460,1,2,24,2,3,2896,2,2,2,3,1,1,3,29,3,2,1,3,1,1,1
541056,1,2,24,3,9,6967,2,4,4,3,1,4,3,36,3,1,1,4,1,2,1
606466,0,4,36,2,6,1819,1,3,4,3,1,4,4,37,2,3,1,3,1,2,1
626786,0,4,24,2,3,5943,5,2,1,2,1,1,3,44,3,2,2,3,1,2,1
643465,0,4,36,4,2,7127,1,2,2,2,1,4,2,23,3,1,2,3,1,2,1
568174,0,4,36,2,2,3349,1,3,4,2,1,2,3,28,3,2,1,4,1,2,1
723150,0,4,36,2,2,10974,1,1,4,2,1,2,3,26,3,2,2,4,1,2,1
5978,1,4,6,2,3,518,1,3,3,2,1,1,1,29,3,2,1,3,1,1,1
451258,1,4,18,2,3,1126,5,2,4,2,1,2,1,21,3,1,1,3,1,2,1
350984,1,2,12,4,1,1860,1,1,4,3,1,2,3,34,3,2,2,4,1,2,1
425570,1,4,36,4,3,9566,1,3,2,2,1,2,3,31,2,2,2,3,1,1,1
68753,1,1,12,2,3,701,1,3,4,4,1,2,1,40,3,2,1,2,1,1,1
645396,1,2,12,2,3,2930,1,4,2,2,1,1,1,27,3,2,1,3,1,1,1
327301,1,4,18,2,3,1505,1,3,4,3,1,2,4,32,3,3,1,4,1,2,1
365191,1,4,18,4,3,2238,1,3,2,2,1,1,3,25,3,2,2,3,1,1,1
329999,1,4,4,4,3,1503,1,4,2,3,1,1,1,42,3,2,2,2,2,1,1
491799,1,4,24,4,1,2197,5,4,4,3,1,4,3,43,3,2,2,3,2,2,1
623389,1,3,12,2,3,1881,1,3,2,2,1,2,3,44,3,1,1,2,1,2,1
379783,1,1,18,4,3,1880,1,4,4,4,1,1,2,32,3,2,2,4,1,2,1
498350,1,1,18,2,3,2389,1,2,4,2,1,1,3,27,2,2,1,3,1,1,1
411999,1,2,24,2,3,1967,1,5,4,2,1,4,3,20,3,2,1,3,1,2,1
604644,1,4,4,4,0,3380,1,4,1,2,1,1,1,37,3,2,1,3,2,1,1
309582,1,4,4,4,0,1455,1,4,2,3,1,1,1,42,3,2,3,2,2,1,1
117772,1,4,7,4,3,730,5,5,4,3,1,2,2,46,3,1,2,2,1,2,1
108742,1,2,18,0,2,3244,1,3,1,2,1,4,3,33,1,2,2,3,1,2,1
272683,0,2,9,2,3,1670,1,2,4,2,1,2,3,22,3,2,1,3,1,2,1
304963,1,2,48,2,3,3979,5,4,4,3,1,1,3,41,3,2,2,3,2,2,1
602825,0,2,12,2,2,1922,1,3,4,3,1,2,2,37,3,2,1,2,1,1,1
754518,1,2,18,4,2,1295,1,2,4,2,1,1,2,27,3,2,2,3,1,1,1
755019,1,4,4,4,3,1544,1,4,2,3,1,1,1,42,3,2,3,2,2,1,1
157155,1,2,8,2,9,907,1,2,3,4,1,2,1,26,3,2,1,3,1,2,1
570964,1,2,30,2,3,1715,5,3,4,2,1,1,3,26,3,2,1,3,1,1,1
568292,1,3,10,4,3,1347,5,4,4,3,1,2,2,27,3,2,2,3,1,2,1
721024,1,2,12,2,0,1007,4,3,4,4,1,1,1,22,3,2,1,3,1,1,1
236645,1,4,12,4,2,1402,3,4,3,2,1,4,3,37,3,1,1,3,1,2,1
485881,1,2,12,2,0,2002,1,4,3,3,1,4,2,30,3,1,1,3,2,2,1
738882,1,4,12,4,6,2096,1,4,2,3,1,3,1,49,3,2,1,2,2,1,1
687474,1,4,12,2,0,1101,1,3,3,4,1,2,1,27,3,2,2,3,1,2,1
373824,1,4,10,2,8,894,5,4,4,2,1,3,2,40,3,2,1,3,1,2,1
627773,1,2,11,2,2,1577,4,2,4,2,1,1,1,20,3,2,1,3,1,1,1
667125,1,4,33,3,9,2764,1,3,2,2,1,2,3,26,3,2,2,3,1,2,1
395821,1,2,48,0,0,8358,3,2,1,2,1,1,3,30,3,2,2,3,1,1,1
537803,1,3,12,2,2,1474,1,2,4,2,1,1,2,33,1,2,1,4,1,2,1
321916,1,4,24,2,1,5433,5,1,2,2,1,4,2,26,3,1,1,4,1,2,1
111117,1,2,14,2,9,1410,3,5,1,4,1,2,1,35,3,2,1,3,1,2,1
618175,1,4,20,4,0,3485,5,2,2,1,1,4,1,44,3,2,2,3,1,2,1
21611,1,4,18,4,1,3850,1,4,3,3,1,1,3,27,3,2,2,3,1,1,1
697600,0,2,60,2,0,7408,2,2,4,2,1,2,2,24,3,2,1,4,1,1,1
218453,1,3,24,2,3,1377,2,5,4,2,1,2,4,47,3,3,1,3,1,2,1
322316,1,4,30,3,9,4272,2,3,2,3,1,2,2,26,3,2,2,2,1,1,1
424352,1,2,24,3,3,1553,2,4,3,2,1,2,2,23,3,1,2,3,1,2,1
101691,1,2,36,3,9,9857,2,4,1,3,1,3,2,31,3,2,2,2,2,2,1
589413,1,4,6,4,0,362,2,3,4,2,1,4,3,52,3,2,2,2,1,1,1
791377,1,4,12,4,2,1935,1,5,4,3,1,4,1,43,3,2,3,3,1,2,1
738475,1,4,48,2,3,10222,5,4,4,3,1,3,3,37,2,2,1,3,1,2,1
157018,1,3,12,2,0,1330,1,2,4,3,1,1,1,26,3,2,1,3,1,1,1
305794,1,4,36,2,6,9055,5,3,2,3,1,4,4,35,3,3,1,2,2,2,1
560911,1,2,26,2,1,7966,1,2,2,3,1,3,3,30,3,2,2,3,1,1,1
309456,1,2,30,1,2,3496,4,3,4,3,1,2,3,34,2,2,1,3,2,2,1
374695,1,2,36,2,1,6948,1,3,2,3,1,2,3,35,3,1,1,4,1,2,1
640765,1,2,48,0,9,12204,5,3,2,3,1,2,3,48,1,2,1,4,1,2,1
628828,0,1,36,2,2,3446,1,5,4,3,1,2,3,42,3,2,1,3,2,1,1
183552,0,1,12,2,6,684,1,3,4,3,1,4,3,40,3,1,1,2,2,1,1
441960,0,1,33,4,2,4281,3,3,1,2,1,4,3,23,3,2,2,3,1,1,1
385695,0,1,42,2,3,7174,5,4,4,2,1,3,3,30,3,2,1,4,1,2,1
142533,0,1,24,1,3,1546,1,4,4,3,3,4,3,24,1,1,1,2,1,1,1
781532,0,1,24,2,2,2359,2,1,1,1,1,1,2,33,3,2,1,3,1,1,1
549510,0,4,24,2,3,3621,2,5,2,3,1,4,3,31,3,2,2,3,1,1,1
479860,0,1,12,2,4,741,2,1,4,2,1,3,2,22,3,2,1,3,1,1,1
121117,0,1,12,2,2,7865,1,5,4,3,1,4,4,53,3,3,1,4,1,2,1
760107,1,1,24,2,1,2910,1,4,2,3,1,1,4,34,3,3,1,4,1,2,1
353429,1,1,18,4,0,5302,1,5,2,3,1,4,4,36,3,3,3,4,1,2,1
548291,1,1,36,2,2,3620,1,3,1,3,3,2,2,37,3,2,1,3,2,1,1
722382,1,1,18,2,3,3509,1,4,4,2,3,1,1,25,3,2,1,3,1,1,1
17424,1,2,12,2,2,3017,1,2,3,2,1,1,1,34,3,1,1,4,1,1,1
80859,1,1,12,2,2,1657,1,3,2,3,1,2,1,27,3,2,1,3,1,1,1
61834,1,1,8,4,10,1164,1,5,3,3,1,4,4,51,1,3,2,4,2,2,1
569993,0,1,36,4,2,6229,1,2,4,2,2,4,4,23,3,1,2,2,1,2,1
325238,0,1,24,1,0,1193,1,1,1,2,2,4,4,29,3,1,2,1,1,1,1
158628,1,1,30,0,2,4583,1,3,2,1,3,2,1,32,3,2,2,3,1,1,1
476633,1,1,36,4,2,5371,1,3,3,3,3,2,2,28,3,2,2,3,1,1,1
785364,1,1,12,2,2,708,1,3,2,3,3,3,2,38,3,2,1,2,2,1,1
82335,1,1,21,4,0,571,1,5,4,3,1,4,1,65,3,2,2,3,1,1,1
726475,1,1,30,2,3,2522,1,5,1,3,3,3,2,39,3,2,1,3,2,1,1
366440,0,1,36,2,2,5179,1,4,4,3,1,2,2,29,3,2,1,3,1,1,1
399395,0,1,36,2,1,8229,1,3,2,3,1,2,2,26,3,2,1,3,2,1,1
248209,1,4,24,4,2,2028,1,4,2,3,1,2,2,30,3,2,2,2,1,1,1
75721,1,1,6,2,0,1374,5,1,4,2,1,3,2,75,3,2,1,4,1,2,1
295629,1,1,12,2,2,1289,1,3,4,3,3,1,2,21,3,2,1,2,1,1,1
377390,0,1,36,2,2,2712,1,5,2,3,1,2,2,41,1,2,1,3,2,1,1
299392,1,1,15,4,2,975,1,3,2,1,1,3,2,25,3,2,2,3,1,1,1
631901,1,2,6,3,2,1050,1,1,4,3,1,1,2,35,2,2,2,4,1,2,2
122076,1,1,6,4,0,609,1,4,4,2,1,3,2,37,3,2,2,3,1,1,1
792405,1,1,48,2,1,4788,1,4,4,3,1,3,2,26,3,2,1,3,2,1,1
373665,1,2,24,2,2,3069,2,5,4,3,1,4,4,30,3,3,1,3,1,1,1
394414,0,2,12,2,0,836,2,2,4,2,1,2,2,23,1,2,1,2,1,1,1
266145,1,1,12,2,2,2577,1,3,2,1,1,1,3,42,3,2,1,3,1,1,1
480543,1,1,12,2,2,1620,1,3,2,2,2,3,2,30,3,2,1,3,1,1,1
173930,1,1,15,2,2,1845,1,2,4,2,3,1,2,46,3,1,1,3,1,1,1
458753,1,1,24,2,1,6579,1,1,4,3,1,2,4,29,3,3,1,4,1,2,1
490927,1,1,12,2,0,1893,1,3,4,2,3,4,2,29,3,2,1,3,1,2,1
664318,1,1,30,4,1,10623,1,5,3,3,1,4,4,38,3,3,3,4,2,2,1
640885,1,1,18,2,0,2249,2,4,4,3,1,3,3,30,3,2,1,4,2,2,1
157118,0,1,30,2,2,3108,1,2,2,1,1,4,2,31,3,2,1,2,1,1,1
517935,1,2,12,4,0,958,1,4,2,3,1,3,1,47,3,2,2,2,2,1,1
485792,1,4,24,2,1,9277,5,3,2,1,1,4,4,48,3,3,1,3,1,2,1
339421,1,4,24,4,10,6314,1,1,4,3,2,2,4,27,1,2,2,4,1,2,1
535671,1,1,12,4,1,1526,1,5,4,3,1,4,4,66,3,3,2,4,1,1,1
646923,1,1,12,2,2,3590,1,3,2,3,2,2,2,29,3,2,1,2,2,1,1
618246,1,1,24,4,1,6615,1,1,2,3,1,4,4,75,3,3,2,4,1,2,1
701033,1,1,6,4,2,1872,1,1,4,3,1,4,4,36,3,3,3,4,1,2,1
293295,1,4,12,2,0,2859,5,1,4,3,1,4,4,38,3,2,1,4,1,2,1
99162,1,4,18,4,3,1582,4,5,4,3,1,4,3,46,3,2,2,3,1,1,1
113113,1,4,6,2,8,1238,5,1,4,3,1,4,2,36,3,2,1,4,2,2,1
643149,1,1,12,2,2,2578,1,1,3,2,1,4,4,55,3,3,1,4,1,1,1
166907,1,1,15,4,2,1433,1,3,4,2,1,3,2,25,3,1,2,3,1,1,1
671124,1,1,42,2,2,7882,1,4,2,3,3,4,2,45,3,3,1,3,2,1,1
720111,1,1,24,2,2,4169,1,3,4,3,1,4,2,28,3,2,1,3,1,1,1
689994,1,1,36,2,2,3959,1,1,4,3,1,3,2,30,3,2,1,4,1,2,1
224779,1,1,36,2,0,3249,1,4,2,3,1,4,4,39,1,3,1,4,2,2,1
113077,1,1,24,2,2,3149,1,2,4,3,1,1,4,22,1,3,1,3,1,1,1
389049,0,1,12,4,2,2246,1,5,3,3,1,3,2,60,3,2,2,3,1,1,1
396648,1,1,13,4,9,1797,1,2,3,3,1,1,2,28,1,2,2,2,1,1,1
25069,1,1,20,4,2,4272,1,5,1,2,1,4,2,24,3,2,2,3,1,1,1
409556,1,1,24,4,1,2957,1,5,4,3,1,4,2,63,3,2,2,3,1,2,1
764262,1,1,36,4,2,2348,1,3,3,4,1,2,2,46,3,2,2,3,1,2,1
369910,1,3,42,0,9,6289,1,2,2,1,1,1,2,33,3,2,2,3,1,1,1
290515,1,1,24,4,1,6419,1,5,2,2,1,4,4,44,3,3,2,4,2,2,1
255337,0,1,48,4,1,6143,1,5,4,2,1,4,4,58,2,3,2,2,1,1,1
154472,1,4,24,4,6,1597,1,5,4,3,1,4,4,54,3,3,2,3,2,1,1
407269,1,1,36,2,10,15857,1,1,2,1,2,3,3,43,3,2,1,4,1,1,1
243821,1,4,24,4,3,2223,2,5,4,3,1,4,2,52,1,2,2,3,1,1,1
283804,1,4,48,3,3,7238,5,5,3,3,1,3,3,32,1,2,2,3,2,1,1
700106,1,2,30,3,9,2503,2,5,4,3,1,2,2,41,2,2,2,3,1,1,1
48788,1,2,18,2,9,2622,2,3,4,3,1,4,3,34,3,2,1,3,1,1,1
150313,1,2,24,2,2,4351,5,3,1,2,1,4,2,48,3,2,1,2,1,2,1
696746,1,2,6,2,3,368,5,5,4,3,1,4,2,38,3,2,1,3,1,1,1
687290,1,2,12,2,8,754,5,5,4,3,1,4,2,38,3,2,2,3,1,1,1
671826,1,4,24,4,3,2424,5,5,4,3,1,4,2,53,3,2,2,3,1,1,1
571864,1,2,48,3,9,6681,5,3,4,3,1,4,4,38,3,3,1,3,2,2,1
153582,1,2,18,3,9,2427,5,5,4,3,1,2,2,42,3,2,2,3,1,1,1
184729,0,2,24,4,3,1216,2,2,4,3,1,4,4,38,1,2,2,3,2,1,1
504121,1,2,6,2,3,753,1,3,2,2,3,3,1,64,3,2,1,3,1,1,1
321701,1,2,7,2,3,2576,1,3,2,3,3,2,1,35,3,2,1,3,1,1,2
172393,1,2,6,2,3,590,1,2,3,4,1,3,1,26,3,2,1,2,1,1,2
85445,1,2,8,2,3,1414,1,3,4,3,3,2,1,33,3,2,1,3,1,1,2
584948,1,2,12,2,3,1103,1,4,4,3,3,3,1,29,3,2,2,3,1,1,1
701881,1,2,12,3,3,585,1,3,4,4,2,4,1,20,3,1,2,3,1,1,1
369576,1,2,6,2,3,1068,1,5,4,3,1,4,3,28,3,2,1,3,2,1,1
117852,1,1,8,4,0,713,1,5,4,3,1,4,1,47,3,2,2,2,1,1,1
634535,1,2,12,2,3,1092,1,3,4,2,3,4,1,49,3,2,2,3,1,2,1
321543,1,2,7,2,3,2329,1,2,1,2,3,1,1,45,3,2,1,3,1,1,1
422102,1,2,13,4,3,882,1,2,4,3,3,4,1,23,3,2,2,3,1,1,1
582378,1,2,18,2,3,866,1,3,4,4,3,2,1,25,3,2,1,2,1,1,1
540593,1,2,7,2,3,2415,1,3,3,3,3,2,1,34,3,2,1,3,1,1,1
429553,1,2,13,2,3,2101,1,2,2,2,3,4,2,23,3,2,1,2,1,1,1
179173,1,2,18,2,3,1301,1,5,4,4,3,2,1,32,3,2,1,2,1,1,1
64738,1,2,18,2,3,1113,1,3,4,2,3,4,1,26,3,2,1,2,2,1,1
776522,1,2,8,2,3,760,1,4,4,2,3,2,1,44,3,2,1,2,1,1,1
426077,1,2,12,2,3,625,1,2,4,4,3,1,1,26,1,2,1,2,1,1,1
303567,1,3,6,4,0,1323,2,5,2,1,1,4,3,28,3,2,2,3,2,2,1
385582,1,1,9,4,3,1138,1,3,4,3,1,4,1,25,3,2,2,2,1,1,1
17665,1,2,18,4,3,1795,1,5,3,2,3,4,1,48,1,1,2,2,1,2,1
468510,1,2,15,4,3,2728,5,4,4,3,3,2,1,35,1,2,3,3,1,2,1
637436,1,2,6,2,3,484,1,4,3,4,3,3,1,28,1,2,1,2,1,1,1
586770,1,2,10,1,3,1048,1,3,4,3,1,4,1,23,2,2,1,2,1,1,1
177840,1,2,12,2,3,1155,1,5,3,4,3,3,1,40,1,2,2,2,1,1,1
676177,1,2,20,3,1,7057,5,4,3,3,1,4,2,36,1,1,2,4,2,2,1
207275,1,2,15,4,3,1537,5,5,4,3,3,4,1,50,3,2,2,3,1,2,1
741020,1,1,12,2,3,2214,1,3,4,3,1,3,2,24,3,2,1,2,1,1,1
94139,1,4,24,4,2,1585,1,4,4,3,1,3,2,40,3,2,2,3,1,1,1
623322,1,2,10,2,2,1521,1,3,4,1,1,2,3,31,3,2,1,2,1,1,1
219616,1,2,36,1,4,3990,5,2,3,2,1,2,4,29,1,2,1,1,1,1,1
797738,1,3,18,2,2,3049,1,2,1,2,1,1,2,45,2,2,1,2,1,1,1
545958,0,1,24,2,3,1282,2,3,4,2,1,2,3,32,3,2,1,2,1,1,1
735552,1,4,60,2,3,10144,2,4,2,2,1,4,1,21,3,2,1,3,1,2,1
76533,1,1,12,2,0,1168,1,3,4,4,1,3,1,27,3,2,1,2,1,1,1
218460,1,2,6,2,5,454,1,2,3,4,1,1,2,22,3,2,1,2,1,1,1
725299,1,4,15,3,1,3594,1,2,1,2,1,2,2,46,3,2,2,2,1,1,1
573910,1,4,12,2,2,1768,1,3,3,3,1,2,1,24,3,1,1,2,1,1,1
749347,1,4,60,3,3,15653,1,4,2,3,1,4,3,21,3,2,2,3,1,2,1
75684,1,3,12,3,0,2247,1,3,2,2,1,2,3,36,2,2,2,3,1,2,1
623342,1,4,24,2,3,1413,1,3,4,4,1,2,2,28,3,2,1,3,1,1,1
320264,1,2,45,4,1,4576,2,1,3,3,1,4,3,27,3,2,1,3,1,1,1
675060,1,1,24,4,3,1231,4,5,4,2,1,4,2,57,3,1,2,4,1,2,1
358475,0,1,36,2,1,8335,5,5,3,3,1,4,4,47,3,3,1,3,1,1,1
353695,1,2,36,4,1,5800,1,3,3,3,1,4,3,34,3,2,2,3,1,2,1
9518,1,1,18,3,6,8471,5,3,1,2,1,2,3,23,3,1,2,3,1,2,1
421793,1,1,30,2,2,3622,4,5,4,2,1,4,2,57,3,1,2,3,1,2,1
728289,1,1,6,4,3,1169,5,5,4,3,1,4,1,67,3,2,2,3,1,2,1
382907,1,4,15,2,4,1262,3,4,4,3,1,3,2,36,3,2,2,3,1,2,1
119974,1,3,24,4,2,3617,5,5,4,3,2,4,4,20,3,1,2,3,1,1,1
292767,1,2,30,4,0,2181,5,5,4,3,1,4,1,36,3,2,2,3,1,1,1
259384,0,1,48,1,9,7685,1,4,2,2,3,4,3,37,3,1,1,3,1,1,1
435832,1,4,48,4,6,6110,1,3,1,3,1,3,4,31,1,3,1,3,1,2,1
720562,1,4,24,2,0,3757,1,5,4,2,2,4,4,62,3,3,1,3,1,2,1
429723,1,1,42,4,5,3394,1,1,4,3,2,4,3,65,3,2,2,1,1,1,1
38846,1,4,36,4,9,6304,5,5,4,3,1,4,1,36,3,2,2,3,1,1,1
388388,1,4,9,4,6,1244,5,5,4,2,1,4,2,41,3,1,2,2,1,1,1
176376,1,4,6,2,0,3518,1,3,2,3,3,3,2,26,3,1,1,3,1,1,1
90972,1,4,36,0,5,2613,1,3,4,3,1,2,3,27,3,2,2,3,1,1,1
160589,1,1,48,2,6,7476,1,4,4,3,1,1,4,50,3,3,1,4,1,2,1
197156,0,4,24,2,9,4591,4,3,2,3,1,3,2,54,3,2,3,4,1,2,1
332574,0,2,18,2,2,1924,5,2,4,2,1,3,1,27,3,1,1,3,1,1,1
640759,0,2,72,2,3,5595,2,3,2,4,1,2,3,24,3,2,1,3,1,1,1
265955,0,2,48,3,6,6224,1,5,4,3,1,4,4,50,3,3,1,3,1,1,1
523578,1,3,15,2,6,1905,1,5,4,3,1,4,3,40,3,1,1,4,1,2,1
186803,1,4,21,3,1,2993,1,3,3,3,1,2,1,28,2,2,2,2,1,1,1
638995,1,4,36,3,1,8947,5,4,3,3,1,2,3,31,2,2,1,4,2,2,1
584758,1,1,24,2,2,4020,1,3,2,3,1,2,3,27,2,2,1,3,1,1,1
213105,1,2,18,2,1,2779,1,3,1,4,1,3,3,21,3,1,1,3,1,2,1
466902,1,4,21,2,0,2782,3,4,1,2,1,2,3,31,1,2,1,4,1,1,1
205176,1,4,12,2,0,1884,1,5,4,3,1,4,3,39,3,2,1,4,1,2,1
734246,1,4,36,4,1,11054,5,3,4,3,1,2,3,30,3,2,1,4,1,2,1
121556,1,2,60,3,3,9157,5,3,2,3,1,2,4,27,3,3,1,4,1,1,1
452397,1,2,42,1,1,9283,1,1,1,3,1,2,4,55,1,3,1,4,1,2,1
92460,1,4,60,2,0,6527,5,3,4,3,1,4,4,34,3,3,1,3,2,2,1
628358,1,4,15,4,1,3368,4,5,3,3,1,4,4,23,3,1,2,3,1,2,1
388420,1,1,15,2,0,2511,1,1,1,2,1,4,3,23,3,1,1,3,1,1,1
452174,1,1,36,2,1,5493,1,5,2,3,1,4,4,42,3,3,1,3,2,1,1
34792,1,4,6,2,4,1338,3,3,1,1,1,4,1,62,3,2,1,3,1,1,1
316535,1,2,9,2,3,1082,1,5,4,3,1,4,3,37,3,2,2,2,1,1,1
495475,1,4,18,4,3,1149,4,3,4,3,1,3,1,46,3,2,2,3,1,1,1
286300,1,2,15,2,5,1308,1,5,4,3,1,4,3,38,3,2,2,2,1,1,1
772271,1,2,20,0,1,6148,2,5,3,4,1,4,3,31,1,2,2,3,1,2,1
509732,1,4,12,2,2,1736,1,4,3,2,1,4,1,31,3,2,1,2,1,1,1
412710,1,4,12,2,3,3059,4,4,2,1,1,4,1,61,3,2,1,2,1,1,1
751979,0,1,24,2,2,2996,5,3,2,4,1,4,3,20,3,2,1,3,1,1,1
118294,1,4,30,4,1,7596,5,5,1,3,1,4,3,63,3,2,2,3,1,1,1
754577,1,4,30,2,1,4811,5,4,2,2,1,4,2,24,2,1,1,2,1,1,1
514247,1,4,6,2,2,1766,1,3,1,4,1,2,2,21,3,1,1,3,1,1,1
750678,1,2,24,2,1,2760,5,5,4,3,1,4,4,36,1,3,1,3,1,2,1
218593,1,4,24,4,5,5507,1,5,3,3,1,4,4,44,3,3,2,3,1,1,1
404743,1,2,9,2,6,1199,1,4,4,2,1,4,2,67,3,2,2,4,1,2,1
717493,1,3,24,2,2,2892,1,5,3,1,1,4,4,51,3,3,1,3,1,1,1
305806,1,2,36,3,0,2862,2,5,4,3,1,3,4,30,3,3,1,3,1,1,1
123258,0,1,9,2,0,654,1,3,4,3,1,3,3,28,3,2,1,2,1,1,1
332730,0,2,9,4,6,1136,4,5,4,3,1,3,4,32,3,3,2,3,2,1,1
302934,0,2,24,2,1,4113,3,2,3,2,1,4,3,28,3,1,1,3,1,1,1
724459,0,2,6,2,0,14555,5,1,1,3,1,2,2,23,3,2,1,1,1,2,1
601635,0,1,15,0,0,950,1,5,4,3,1,3,3,33,3,1,2,3,2,1,1
747394,0,1,24,4,0,1199,1,5,4,3,1,4,3,60,3,2,2,2,1,1,1
45148,0,1,12,0,0,1082,1,3,4,3,1,4,3,48,1,2,2,3,1,1,1
703533,0,2,30,2,0,2150,1,3,4,2,3,2,4,24,1,2,1,3,1,1,1
632277,0,2,36,4,0,2820,1,2,4,1,1,4,3,27,3,2,2,3,1,1,1
175721,0,2,48,2,3,3060,1,4,4,3,1,4,1,28,3,2,2,3,1,1,1
360492,0,1,18,2,3,2600,1,3,4,3,1,4,4,65,3,3,2,3,1,1,1
275630,0,4,21,0,0,5003,5,3,1,2,1,4,2,29,1,2,2,3,1,2,1
84381,0,2,60,2,6,6288,1,3,4,3,1,4,4,42,3,3,1,3,1,1,1
211457,0,4,24,3,0,2538,1,5,4,3,1,4,3,47,3,2,2,2,2,1,1
446710,0,4,9,2,3,1478,1,4,4,3,1,2,3,22,3,2,1,3,1,1,1
287391,0,2,39,4,3,4933,1,4,2,3,3,2,1,25,3,2,2,3,1,1,1
163788,0,4,18,4,0,1530,1,3,3,3,1,2,2,32,1,2,2,3,1,1,1
311255,0,2,9,1,0,1437,2,4,2,3,1,3,4,29,3,2,1,3,1,1,1
389353,0,1,15,2,4,1275,5,3,4,2,1,2,3,24,3,1,1,3,1,1,1
388317,0,1,24,2,3,1823,1,1,4,3,1,2,3,30,2,2,1,4,2,1,1
534923,0,1,9,2,0,1422,1,2,3,3,1,2,4,27,3,3,1,4,1,2,1
567678,0,1,18,2,4,1217,1,3,4,4,1,3,1,47,3,2,1,2,1,2,1
112508,0,1,36,2,0,9271,1,4,2,3,1,1,3,24,3,2,1,3,1,2,1
111494,0,1,36,3,9,2145,1,4,2,3,1,1,3,24,3,2,2,3,1,2,1
756425,0,1,36,2,0,1842,1,2,4,2,1,4,3,34,3,2,1,3,1,2,1
516022,0,2,18,3,2,4297,1,5,4,1,1,3,4,40,3,2,1,4,1,2,1
701687,0,1,6,4,2,3384,1,3,1,1,1,4,1,44,3,1,1,4,1,2,1
369003,0,2,18,4,3,1245,1,3,4,4,1,2,3,33,3,2,1,3,1,1,1
711452,0,4,15,2,6,4623,2,3,3,3,1,2,2,40,3,2,1,4,1,2,1
714661,0,2,30,4,2,8386,1,4,2,3,1,2,2,49,3,2,1,3,1,1,1
431395,0,1,24,3,3,1024,1,2,4,4,1,4,1,48,2,2,1,3,1,1,1
584491,0,2,36,2,0,14318,1,5,4,3,1,2,4,57,3,3,1,4,1,2,1
57315,0,2,6,1,6,433,4,2,4,2,1,2,2,24,1,1,1,3,2,1,1
240281,0,1,12,1,3,2149,1,3,4,1,1,1,4,29,3,3,1,3,1,1,1
371203,0,4,24,2,3,2397,3,5,3,3,1,2,3,35,1,2,2,3,1,2,1
614654,0,2,6,1,0,931,2,2,1,2,1,1,2,32,2,2,1,2,1,1,1
156160,0,2,15,3,5,1512,4,3,3,4,1,3,2,61,2,2,2,3,1,1,1
584212,0,2,24,0,9,4241,1,3,1,3,1,4,1,36,3,2,3,2,1,2,1
18210,0,2,24,4,2,4736,1,2,2,2,1,4,3,25,1,2,1,2,1,1,1
376001,0,2,15,0,0,1778,1,2,2,2,1,1,1,26,3,1,2,1,1,1,1
353087,0,3,15,2,3,2327,1,2,2,2,1,3,1,25,3,2,1,2,1,1,1
153211,0,1,24,1,2,6872,1,2,2,1,1,1,2,55,1,2,1,3,1,2,1
135023,0,1,12,2,6,795,1,2,4,2,1,4,2,53,3,2,1,3,1,1,1
46777,0,3,30,3,9,1908,1,5,4,3,1,4,1,66,3,2,1,4,1,2,1
485996,0,2,36,0,9,1953,1,5,4,3,1,4,4,61,3,3,1,4,1,2,1
716374,0,3,18,2,2,2864,1,3,2,3,1,1,1,34,3,2,1,2,2,1,1
184572,0,3,21,4,6,2319,1,2,2,1,1,1,3,33,3,1,1,3,1,1,1
544445,0,1,24,2,0,915,5,5,4,2,1,2,3,29,1,2,1,3,1,1,1
286271,0,3,24,2,0,947,1,4,4,3,1,3,4,38,1,3,1,3,2,1,1
83686,0,1,24,2,0,1381,5,3,4,2,1,2,2,35,3,2,1,3,1,1,1
347112,0,1,24,2,0,1285,5,4,4,2,1,4,4,32,3,1,1,3,1,1,1
315078,0,1,24,2,0,1371,5,3,4,2,1,4,1,25,3,1,1,3,1,1,1
571774,0,2,18,2,0,1042,5,3,4,2,1,2,2,33,3,2,1,3,1,1,1
778460,0,1,12,2,0,900,5,3,4,4,1,2,3,23,3,2,1,3,1,1,1
678138,0,1,24,2,0,1207,1,2,4,2,1,4,2,24,3,1,1,3,1,1,1
292037,0,2,18,0,0,2278,2,2,3,2,1,3,3,28,3,2,2,3,1,1,1
2787,0,1,60,3,9,6836,1,5,3,3,1,4,4,63,3,2,2,3,1,2,1
338480,0,1,24,2,2,3345,1,5,4,3,1,2,2,39,3,1,1,4,1,2,1
204657,0,1,6,1,6,1198,1,5,4,2,1,4,4,35,3,3,1,3,1,1,1
192619,0,2,48,2,9,15672,1,3,2,3,1,2,3,23,3,2,1,3,1,2,1
200952,0,1,60,2,9,7297,1,5,4,3,2,4,4,36,3,1,1,3,1,1,1
680992,0,4,18,2,5,1943,1,2,4,2,1,4,1,23,3,2,1,3,1,1,1
650603,0,1,18,2,3,3190,1,3,2,2,1,2,1,24,3,2,1,3,1,1,1
542101,0,2,9,1,1,5129,1,5,2,2,1,4,4,74,1,3,1,4,2,2,1
285269,0,4,18,3,2,1808,1,4,4,2,1,1,1,22,3,2,1,3,1,1,1
1169,0,3,10,2,0,1240,2,5,1,2,1,4,4,48,3,3,1,2,2,1,1
285510,0,1,12,2,0,759,1,4,4,3,1,2,1,26,3,2,1,3,1,1,1
667359,0,2,8,2,2,1237,1,3,3,2,1,4,1,24,3,2,1,3,1,1,1
124152,0,4,9,2,2,1980,1,2,2,2,2,2,3,19,3,1,2,3,1,1,1
476551,0,2,48,2,3,10961,4,4,1,3,2,2,4,27,1,2,2,3,1,2,1
539634,0,1,36,3,6,6887,1,3,4,3,1,3,2,29,2,2,1,3,1,2,1
634801,0,1,24,2,3,1938,1,2,4,1,1,3,2,32,3,2,1,3,1,1,1
766193,0,1,21,2,3,1835,1,3,3,2,1,2,1,25,3,2,2,3,1,2,1
792250,0,1,24,3,3,1659,1,2,4,2,1,2,3,29,3,1,1,2,1,2,1
597498,0,2,6,3,0,1209,1,1,4,3,1,4,2,47,3,2,1,4,1,2,1
324671,0,2,48,0,9,3844,2,4,4,3,1,4,4,34,3,3,1,2,2,1,1
459237,0,1,12,4,0,4843,1,5,3,3,2,4,2,43,3,1,2,3,1,2,1
247116,0,2,12,2,5,639,1,3,4,3,1,2,3,30,3,2,1,3,1,1,1
442861,0,2,48,2,3,5951,1,3,2,2,1,2,1,22,3,2,1,3,1,1,1
228866,0,2,36,0,3,3804,1,3,4,2,1,1,3,42,3,2,1,3,1,2,1
443203,0,4,36,3,3,4463,1,3,4,3,1,2,3,26,3,2,2,4,1,2,1
239935,0,4,36,3,9,7980,5,2,4,3,1,4,3,27,3,1,2,3,1,2,1
554248,0,3,36,2,3,4210,1,3,4,3,1,2,3,26,3,2,1,3,1,1,1
326993,0,4,6,2,2,4611,1,2,1,2,1,4,2,32,3,2,1,3,1,1,1
498111,0,2,24,2,1,11560,1,3,1,2,1,4,3,23,3,1,2,4,1,1,1
9903,0,4,18,0,9,4165,1,3,2,3,1,2,3,36,2,2,2,3,2,1,1
125077,0,2,24,2,2,4057,1,4,3,1,1,3,3,43,3,2,1,3,1,2,1
142763,0,4,18,1,0,6458,1,5,2,3,1,4,4,39,1,2,2,4,2,2,1
668405,0,4,12,2,0,1386,3,3,2,2,1,2,2,26,3,2,1,3,1,1,1
332738,0,1,36,2,6,1977,5,5,4,3,1,4,4,40,3,2,1,4,1,2,1
558117,0,2,18,4,2,1928,1,2,2,3,1,2,1,31,3,2,2,2,1,1,1
45800,0,4,12,2,2,1123,3,3,4,2,1,4,3,29,3,1,1,2,1,1,1
23478,0,2,24,2,10,11328,1,3,2,3,2,3,3,29,1,2,2,4,1,2,1
642196,0,2,24,4,10,11938,1,3,2,3,2,3,3,39,3,2,2,4,2,2,1
549201,0,2,27,4,3,2520,3,3,4,3,1,2,2,23,3,2,2,2,1,1,1
772418,0,2,30,3,3,1919,2,2,4,3,1,3,4,30,2,2,2,4,1,1,1
47376,0,2,60,1,10,14782,2,5,3,2,1,4,4,60,1,3,2,4,1,2,1
70293,0,2,36,2,3,2671,2,3,4,2,2,4,4,50,3,3,1,3,1,1,1
372311,0,2,36,2,6,12612,2,3,1,3,1,4,4,47,3,3,1,3,2,2,1
504130,0,2,45,2,3,3031,2,3,4,3,3,4,2,21,3,1,1,3,1,1,1
363066,0,1,12,1,3,626,1,3,4,2,1,4,1,24,1,2,1,2,1,1,1
381958,0,2,24,4,9,1935,1,5,4,1,1,4,1,31,3,2,2,3,1,2,1
751483,0,3,24,4,0,1344,5,4,4,3,1,2,1,37,1,2,2,2,2,1,1
466824,0,4,18,2,2,1533,1,2,4,4,2,1,2,43,3,2,1,2,2,1,1
42513,0,1,48,2,0,3931,1,4,4,3,1,4,4,46,3,3,1,3,2,1,1
86438,0,1,24,1,2,3349,3,2,4,3,1,4,4,30,3,3,1,3,2,2,1
768596,0,1,36,2,3,2302,1,3,4,1,1,4,3,31,3,1,1,3,1,1,1
632538,0,1,42,2,3,3965,1,2,4,3,1,3,3,34,3,2,1,3,1,1,1
179604,0,1,12,2,3,727,2,2,4,4,1,3,4,33,3,2,1,2,1,2,1
639945,0,4,48,2,9,3914,5,3,4,1,1,2,1,38,1,2,1,3,1,1,1
416416,0,1,48,2,9,4308,1,2,3,2,1,4,2,24,3,1,1,3,1,1,1
737603,0,2,12,2,3,1534,1,2,1,4,1,1,1,23,3,1,1,3,1,1,1
492620,0,4,18,4,0,2775,1,4,2,3,1,2,2,31,1,2,2,3,1,1,1
227390,0,1,40,4,6,5998,1,3,4,3,1,3,4,27,1,2,1,3,1,2,1
293049,0,3,15,4,3,1271,5,3,3,3,1,4,4,39,3,3,2,3,1,2,1
561513,0,2,12,2,0,1295,1,2,3,2,1,1,3,25,3,1,1,3,1,1,1
220416,0,2,36,2,1,9398,1,2,1,4,1,4,3,28,3,1,1,4,1,2,1
113934,0,2,12,2,2,951,2,2,4,2,1,4,3,27,1,1,4,3,1,1,1
199942,0,2,24,2,0,1355,1,2,3,2,1,4,3,25,3,2,1,2,1,2,1
459117,0,1,48,2,4,3051,1,3,3,3,1,4,3,54,3,2,1,3,1,1,1
606502,0,4,36,4,0,7855,1,3,4,2,1,2,1,25,2,2,2,3,1,2,1
720411,0,4,18,2,3,433,1,1,3,2,2,4,1,22,3,1,1,3,1,1,1
488417,0,4,36,3,9,9572,1,2,1,1,1,1,3,28,3,2,2,3,1,1,1
272454,0,2,24,1,6,1837,1,4,4,2,1,4,4,34,1,3,1,2,1,1,1
19426,0,2,30,4,0,4249,1,1,4,4,1,2,3,28,3,2,2,4,1,1,1
126694,0,2,30,4,0,5234,1,1,4,4,1,2,3,28,3,2,2,4,1,1,1
227504,0,1,48,2,3,6758,1,3,3,2,1,2,3,31,3,2,1,3,1,2,1
57292,0,1,9,2,3,1366,1,2,3,2,1,4,2,22,3,1,1,3,1,1,1
455947,0,1,24,1,10,1358,5,5,4,3,1,3,3,40,2,2,1,4,1,2,1
409788,0,1,18,2,2,2473,1,1,4,3,1,1,3,25,3,2,1,1,1,1,1
736882,0,3,9,0,3,1337,1,2,4,3,1,2,3,34,3,2,2,4,1,2,1
727842,0,1,48,2,0,7763,1,5,4,3,1,4,4,42,1,3,1,4,1,1,1
142912,0,2,15,1,0,1264,2,3,2,4,1,2,2,25,3,1,1,3,1,1,1
199235,0,2,15,2,0,2631,2,3,2,2,1,4,3,28,3,1,2,3,1,2,1
720201,0,2,48,2,0,6560,2,4,3,3,1,2,2,24,3,2,1,3,1,1,1
177509,0,1,24,2,0,3123,1,2,4,2,1,1,2,27,3,2,1,3,1,1,1
210098,0,1,36,4,6,8065,1,3,3,2,1,2,4,25,3,2,2,4,1,2,1
46158,0,1,24,2,3,2439,1,2,4,2,1,4,1,35,3,2,1,3,1,2,1
690198,0,2,36,2,2,9034,2,2,4,3,2,1,4,29,3,1,1,4,1,2,1
266565,0,2,60,2,0,14027,1,4,4,3,1,2,4,27,3,2,1,4,1,2,1
284348,0,1,36,4,1,9629,1,4,4,3,1,4,3,24,3,2,2,3,1,2,1
5456,0,2,12,2,3,1484,5,3,2,4,1,1,1,25,3,2,1,3,1,2,1
320625,0,1,18,2,2,1131,1,1,4,2,1,2,3,33,3,2,1,3,1,1,1
510422,0,2,24,3,2,2064,1,1,3,2,1,2,2,34,3,2,1,4,1,2,1
651193,0,2,18,2,1,12976,1,1,3,2,1,4,4,38,3,3,1,4,1,2,1
533122,0,4,21,3,9,2580,3,2,4,3,1,2,1,41,1,2,1,2,2,1,1
149782,0,4,27,2,0,2570,1,3,3,2,1,3,1,21,3,1,1,3,1,1,1
436623,0,2,27,2,9,3915,1,3,4,3,1,2,3,36,3,2,1,3,2,2,1
375328,0,4,10,2,0,1309,5,3,4,3,3,4,2,27,3,2,1,2,1,1,1
480291,0,1,24,2,0,4817,1,4,2,3,2,3,2,31,3,2,1,3,1,2,1
607437,0,1,12,2,0,2579,1,2,4,3,1,1,1,33,3,2,1,2,2,1,1
420318,0,2,36,3,0,2225,1,5,4,3,1,4,4,57,1,3,2,3,1,2,1
497331,0,1,18,2,2,4153,1,3,2,3,2,3,3,42,3,2,1,3,1,1,1
169142,0,1,18,0,2,3114,1,2,1,2,1,4,2,26,3,1,1,3,1,1,1
465828,0,1,18,4,2,2124,1,3,4,2,1,4,1,24,3,1,2,3,1,1,1
36557,0,1,18,1,2,1553,1,3,4,3,1,3,3,44,1,2,1,3,1,1,1
434195,0,1,30,2,2,2406,1,4,4,2,1,4,1,23,3,1,1,3,1,1,1
378077,0,1,24,3,0,1333,1,1,4,3,1,2,1,43,3,3,2,3,2,1,1
605282,0,1,48,0,2,7119,1,3,3,3,1,4,4,53,3,3,2,3,2,1,1
647889,0,1,24,3,0,4870,1,3,3,3,1,4,4,53,3,3,2,3,2,1,1
201360,0,1,12,4,0,691,1,5,4,3,1,3,2,35,3,2,2,3,1,1,1
617637,0,1,42,3,3,4370,1,4,3,3,1,2,2,26,1,2,2,3,2,2,1
655846,0,1,36,1,2,2746,1,5,4,3,1,4,3,31,1,2,1,3,1,1,1
738733,0,1,24,0,2,4110,1,5,3,3,1,4,4,23,1,1,2,3,2,1,1
696219,0,1,18,2,2,2462,1,3,2,3,1,2,3,22,3,2,1,3,1,1,1
716321,0,1,12,2,2,1282,1,3,2,2,1,4,3,20,3,1,1,3,1,1,1
628762,0,2,12,0,2,2969,1,2,4,2,1,3,2,25,3,1,2,3,1,1,1
450313,0,1,48,0,1,4605,1,5,3,3,1,4,4,24,3,3,2,3,2,1,1
203133,0,1,48,4,1,6331,1,5,4,3,1,4,4,46,3,3,2,3,1,2,1
299064,0,1,24,1,2,3552,1,4,3,3,1,4,3,27,1,2,1,3,1,1,1
655329,0,1,12,1,0,697,1,2,4,3,1,2,3,46,1,2,2,3,1,2,1
236270,0,1,24,2,0,1442,1,4,4,2,1,4,3,23,3,1,2,3,1,1,1
358150,0,1,27,0,9,5293,1,1,2,3,1,4,2,50,3,2,2,3,1,2,1
635426,0,1,21,3,6,3414,1,2,2,3,1,1,2,26,2,2,2,3,1,1,1
53025,0,1,18,2,2,2039,1,3,1,2,1,4,1,20,3,1,1,3,1,1,1
396357,0,1,24,1,9,3161,1,3,4,3,1,2,2,31,1,1,1,3,1,2,1
467968,0,1,12,2,8,902,1,4,4,4,1,4,2,21,3,1,1,3,1,1,1
272908,0,1,48,2,1,10297,1,4,4,3,1,4,4,39,3,3,3,3,2,2,1
292439,0,2,48,0,9,14421,1,3,2,3,1,2,3,25,2,2,1,3,1,2,1
39599,0,2,18,4,0,1056,1,5,3,3,3,3,1,30,3,2,2,3,1,1,1
529291,0,1,12,2,0,1274,1,2,3,2,1,1,1,37,1,2,1,2,1,1,1
700298,0,2,12,2,0,1223,1,5,1,1,1,1,1,46,3,1,2,3,1,1,1
361486,0,1,12,2,0,1372,1,4,2,1,1,3,3,36,3,2,1,3,1,1,1
565727,0,1,16,4,0,2625,1,5,2,3,3,4,2,43,3,1,1,3,1,2,2
747072,0,1,20,4,0,2235,1,3,4,4,3,2,2,33,1,1,2,3,1,1,2
666578,0,2,9,2,2,959,1,3,1,2,1,2,3,29,1,2,1,3,1,1,1
578229,0,2,18,4,0,884,1,5,4,3,1,4,3,36,3,2,1,3,2,2,1
364760,0,2,24,2,0,1246,1,2,4,3,1,2,1,23,1,2,1,2,1,1,1
284608,0,2,36,3,0,8086,2,5,2,3,1,4,3,42,2,2,4,4,1,2,1
637426,0,4,48,4,0,10127,3,3,2,3,1,2,4,44,3,3,1,3,1,1,1
399657,0,2,12,2,0,888,1,5,4,3,1,4,3,41,1,2,1,2,2,1,1
646707,0,4,12,2,6,719,1,5,4,3,1,4,3,41,1,2,1,2,2,1,1
473950,0,2,36,2,0,12389,5,3,1,3,1,4,4,37,1,3,1,3,1,2,1
736740,0,1,12,2,3,709,1,5,4,3,1,4,1,57,3,2,1,2,1,1,1
572548,0,2,15,1,0,6850,2,1,1,3,1,2,2,34,2,2,1,4,2,2,1
522542,0,4,10,2,2,2210,1,3,2,3,1,2,1,25,3,1,1,2,1,1,1
597340,0,4,30,1,1,7485,5,1,4,2,1,1,1,53,1,2,1,4,1,2,1
430200,0,1,18,1,0,1442,1,4,4,3,1,4,4,32,1,3,2,2,2,1,1
488103,0,4,12,4,3,797,5,5,4,2,1,3,2,33,3,2,1,2,2,1,1
495232,0,2,45,4,3,4746,1,2,4,3,1,2,2,24,1,2,2,2,1,1,1
557053,0,3,12,4,0,939,3,4,4,4,1,2,1,28,3,2,3,3,1,2,1
725105,0,2,21,2,9,1188,1,5,2,2,1,4,2,39,3,2,1,3,2,1,1
773572,0,4,48,4,1,11590,2,3,2,2,1,4,3,24,3,1,2,2,1,1,1
60655,0,3,12,1,9,609,1,2,4,2,1,1,1,26,1,2,1,1,1,1,1
31728,0,1,18,4,5,1190,1,1,2,2,1,4,4,55,3,3,3,1,2,1,1
405664,0,2,21,2,9,2767,2,5,4,1,1,2,3,61,3,1,2,2,1,1,1
216718,0,2,30,2,2,3441,2,3,2,2,2,4,3,21,1,1,1,3,1,1,1
298055,0,2,30,0,9,4280,2,3,4,2,1,4,3,26,3,1,2,2,1,1,1
669514,0,2,24,2,3,3092,2,2,3,4,1,2,3,22,3,1,1,3,1,2,1
705008,0,4,18,2,0,6761,5,3,2,3,1,4,3,68,2,1,2,3,1,1,1
588279,0,2,12,2,3,1331,1,2,2,3,1,1,3,22,3,2,1,3,1,1,1
505409,0,2,54,0,9,15945,1,2,3,3,1,4,4,58,3,1,1,3,1,2,1
406090,0,1,24,2,2,3234,1,2,4,2,1,4,1,23,3,1,1,2,1,2,1
179402,0,2,15,2,3,802,1,5,4,3,1,3,3,37,3,2,1,3,2,1,1
739160,0,2,48,2,2,9960,1,2,1,2,1,2,3,26,1,2,1,3,1,2,1
472286,0,4,24,3,9,8648,1,2,2,3,1,2,3,27,1,2,2,3,1,2,1
534885,0,1,18,2,3,1345,1,3,4,4,1,3,1,26,3,2,1,3,1,1,1
551610,0,1,45,2,3,1845,1,3,4,3,1,4,4,23,3,3,1,3,1,2,1
563859,0,1,21,1,0,1647,5,3,4,3,1,2,2,40,1,2,2,2,2,1,1
10744,0,4,48,2,9,4844,1,1,3,3,1,2,3,33,3,1,1,4,1,2,1
117141,0,2,27,0,9,8318,1,5,2,2,1,4,4,42,2,3,2,4,1,2,1
771413,0,3,18,2,3,2100,1,3,4,3,2,2,1,37,3,2,1,3,1,1,1
657361,0,1,45,0,9,11816,1,5,2,3,1,4,3,29,3,1,2,3,1,1,1
86381,0,1,6,2,6,448,1,2,4,2,1,4,2,23,3,2,1,3,1,1,1
332504,0,1,30,2,5,11998,1,2,1,1,1,1,4,34,1,2,1,2,1,2,1
193101,0,2,48,0,10,18424,1,3,1,2,1,2,2,32,1,2,1,4,1,2,2
780976,0,1,6,2,0,14896,1,5,1,3,1,4,4,68,1,2,1,4,1,2,1
505,0,2,12,2,2,2762,5,5,1,2,1,2,2,25,3,2,1,3,1,2,1
580805,0,1,12,2,1,3386,1,5,3,3,1,4,4,35,3,3,1,3,1,2,1
19587,0,2,24,2,3,2039,1,2,1,4,1,1,2,22,3,2,1,3,1,2,1
323013,0,4,18,3,9,2169,1,3,4,4,1,2,3,28,3,2,1,3,1,2,1
396944,0,2,48,4,2,5096,1,3,2,2,1,3,3,30,3,2,1,4,1,2,1
97438,0,1,18,2,3,1882,1,3,4,2,1,4,3,25,1,1,2,3,1,1,1
452181,0,1,48,2,3,6999,1,4,1,4,3,1,1,34,3,2,2,3,1,2,1
391375,0,4,12,4,9,2292,1,1,4,3,1,2,3,42,2,2,2,4,1,2,1
34983,0,1,14,2,0,8978,1,5,1,1,1,4,2,45,3,2,1,4,1,2,2
633726,0,1,12,2,3,674,2,4,4,4,1,1,2,20,3,2,1,3,1,1,1
386150,0,1,18,2,0,976,1,2,1,2,1,2,3,23,3,2,1,2,1,1,1
8896,0,2,24,2,0,2718,1,3,3,2,1,4,2,20,3,1,1,2,1,2,1
638624,0,1,18,2,6,750,1,1,4,2,1,1,1,27,3,2,1,1,1,1,1
18037,0,2,24,2,1,12579,1,5,4,2,1,2,4,44,3,3,1,4,1,2,1
500888,0,1,18,2,1,7511,5,5,1,3,1,4,2,51,3,3,1,3,2,2,1
157554,0,1,18,4,0,3966,1,5,1,2,1,4,1,33,1,1,3,3,1,2,1
488958,0,1,12,0,3,6199,1,3,4,3,1,2,2,28,3,1,2,3,1,2,1
355104,0,1,24,2,3,1987,1,3,2,3,1,4,1,21,3,1,1,2,2,1,1
407505,0,1,24,2,0,2303,1,5,4,3,2,1,1,45,3,2,1,3,1,1,1
115061,0,4,21,4,0,12680,5,5,4,3,1,4,4,30,3,3,1,4,1,2,1
283292,0,2,12,2,3,6468,5,1,2,3,1,1,4,52,3,2,1,4,1,2,1
232249,0,1,30,2,2,6350,5,5,4,3,1,4,2,31,3,2,1,3,1,1,1
